date,close,vol,vol2,vol3,br,ar,mtm,mtma,rsi1,rsi2,kdj-j,hsl,mms
 2019/11/05,15.4,26263832,230044,210976,111.84,124.34,0.41,-0.04,67.72,65.37,87.51,3.23,64.28
 2019/11/06,15.46,15446458,219206,203158,108.4,119.76,0.47,0.12,69.39,66.59,90.84,1.9,67.18
 2019/11/07,15.46,16942570,218243,203550,114.67,132.93,0.47,0.25,69.39,66.59,91.21,2.08,66.14
 2019/11/08,15,19135256,211431,207457,100.98,113.04,-0.01,0.32,44.09,50.36,67.27,2.35,59.95
 2019/11/11,14.28,23740228,203057,207448,80.42,92.6,-0.83,0.17,26.17,35.56,18.96,2.92,47.66
 2019/11/12,14.41,14663706,179856,204950,82.5,89.29,-0.59,-0.01,32.15,39.09,6.11,1.8,36.92
 2019/11/13,14.36,10221541,169407,194306,82.41,88.48,-0.37,-0.14,30.99,38.21,-0.62,1.26,32.52
 2019/11/14,14.68,17425340,170372,194308,96.63,96.84,0.21,-0.19,45.94,46.58,13.22,2.14,37.44
 2019/11/15,14.5,11460109,155022,183226,92.1,92.69,-0.22,-0.3,40.08,43.01,13.26,1.41,39.34
 2019/11/18,14.51,11897249,131336,167196,89.72,89.44,-0.04,-0.31,40.58,43.27,15.37,1.46,41.7
 2019/11/19,15.96,57775824,217560,198708,120.77,116.42,0.91,-0.02,75.92,67.25,75.82,7.1,50.48
 2019/11/20,15.96,37223628,271564,220485,117.04,120.04,0.46,0.16,75.92,67.25,100.26,4.58,60.74
 2019/11/21,16.16,26158868,289031,229702,118.47,125.51,0.76,0.35,78.46,69.38,113.26,3.22,71.73
 2019/11/22,15.66,33740628,333592,244307,106.72,107.54,0.2,0.34,59.58,58.95,96.23,4.15,67.94
 2019/11/25,16.97,52915076,415628,273482,132.41,127.7,1.51,0.63,76.99,71.29,104.15,6.5,69.18
 2019/11/26,16.57,38777512,377631,297596,110.33,112.05,1.57,0.9,66.5,64.8,95.75,4.77,66.78
 2019/11/27,16.54,20181182,343547,307555,110.65,114.93,2.26,1.13,65.69,64.32,89.45,2.48,68.81
 2019/11/28,16.18,22125616,335480,312256,104.35,103.89,1.77,1.35,55.93,58.64,75.79,2.72,63.31
 2019/11/29,15.9,19007222,306013,319803,104.04,96.29,1.54,1.48,49.12,54.56,56.66,2.34,58.81
 2019/12/02,16.16,20422460,241028,328328,115.47,101.35,1.48,1.69,55.2,57.55,40.36,2.51,55.9
 2019/12/03,16.09,14412116,192297,284964,117.54,104.7,1.59,1.7,53.15,56.46,30.07,1.77,54.98
 2019/12/04,15.85,13223602,178382,260964,116.05,103.29,1.34,1.66,46.1,52.72,15.35,1.63,54.15
 2019/12/05,16.17,19954790,174040,254760,122.65,105.31,0.21,1.32,55.53,56.88,15.9,2.45,53.93
 2019/12/06,16.16,17515050,171056,238535,121.1,99.6,0.2,1.06,55.17,56.71,20.56,2.15,54.13
 2019/12/09,16.76,31053756,192319,216673,124.15,102.48,0.6,0.9,69.5,63.79,66.79,3.82,59.38
 2019/12/10,16.7,19444572,202384,197340,112.93,97.68,1.04,0.83,66.93,62.67,86.43,2.39,62.09
 2019/12/11,16.9,20694558,217325,197854,116.41,98.9,-0.07,0.55,71.19,64.91,97.75,2.54,65.94
 2019/12/12,16.48,19566826,216550,195295,110.15,94.5,-0.09,0.32,53.75,57.07,77.22,2.4,62.62
 2019/12/13,16.61,15340316,212200,191628,111.34,89.38,0.07,0.29,57.61,58.75,73.46,1.89,60.67
 2019/12/16,16.69,16357967,182808,187564,115.51,91.15,0.51,0.34,60.07,59.81,75.09,2.01,58.2
 2019/12/17,17.04,25330826,194581,198482,132.71,102.44,1.14,0.43,69.39,64.19,95.9,3.11,61.68
 2019/12/18,16.87,17666536,188525,202925,128.77,104.54,0.71,0.38,61.08,60.69,93.96,2.17,62.58
 2019/12/19,16.93,21579604,192551,204550,139.84,111.69,0.84,0.53,62.96,61.5,68.06,2.65,63.36
 2019/12/20,16.69,15707224,193284,202742,124.59,102.13,0.84,0.69,51.11,56.43,35.25,1.93,59.43
 2019/12/23,16.68,20754242,202077,192443,138.69,112.7,0.51,0.76,50.64,56.22,19.13,2.55,57.16
 2019/12/24,16.9,13033852,177483,186032,141.96,115.17,0.74,0.8,60.38,59.82,28.1,1.6,56.37
 2019/12/25,17.02,13374508,168899,178712,120.4,99.71,0.26,0.65,64.92,61.69,42.45,1.64,59.11
 2019/12/26,17.22,17985672,161711,177131,127.87,101.92,0.52,0.62,71.45,64.69,64.35,2.21,63.49
 2019/12/27,16.9,21880976,174059,183671,119.27,92.07,0,0.48,52.63,56.92,47.58,2.69,61.93
 2019/12/30,17.46,29946104,192442,197260,140.99,108.91,0.98,0.5,69.5,64.95,83.21,3.68,63.46
 2019/12/31,18.29,34491208,235357,206420,132.78,105.63,1.68,0.7,81.33,73.07,89.62,4.24,67.15
 2020/01/02,18.48,33672616,275953,222426,175.65,122.5,1.79,0.87,83.13,74.55,89.12,4.14,75.52
 2020/01/03,18.3,16591777,273165,217438,164.77,123.14,1.26,1.04,74.93,70.56,82.15,2.04,77.83
 2020/01/06,18.09,18845616,267095,220577,165.67,128.62,1.22,1.15,65.83,66.06,71.35,2.32,74.19
 2020/01/07,18.44,25879124,258961,225701,188.96,142.97,1.51,1.41,72.51,69.58,74.65,3.18,71.59
 2020/01/08,18.11,17246570,224471,229914,160.04,130.71,1.42,1.48,59.38,62.87,64.77,2.12,67.66
 2020/01/09,18.57,16831172,190789,233371,189.77,143.65,1.89,1.51,68.82,67.62,75.7,2.07,68.29
 2020/01/10,19.31,23308662,204222,238694,221.04,159.18,2.41,1.62,78.48,73.56,91.08,2.86,69.93
 2020/01/13,19.58,21820520,210172,238633,198.99,153.11,2.56,1.83,81.05,75.36,97.34,2.68,75.69
 2020/01/14,19.21,16155150,190724,224842,196.39,158.69,1.99,1.96,67.75,68.4,82.26,1.99,75.76
 2020/01/15,19.2,11787546,179806,202139,173.12,144.48,2.3,2.1,67.39,68.22,73.78,1.45,73.04
 2020/01/16,19.2,14075429,174295,182542,181.87,144.41,1.74,2.15,67.39,68.22,69.54,1.73,69.54
 2020/01/17,18.86,13523446,154724,179473,166.25,135.33,0.57,1.93,53.51,61.46,50.92,1.66,66.08
 2020/01/20,18.91,12518988,136121,173147,180.3,141.24,0.43,1.6,55.14,62.07,44.54,1.54,63.03
 2020/01/21,18.18,17854156,139519,165122,152.64,129.91,-0.12,1.15,34.16,49.69,6.13,2.19,54.04
 2020/01/22,18.14,16219513,148383,164095,147.99,136.19,0.05,0.83,33.33,49.11,-1.01,1.99,48.15
 2020/01/23,17.26,20706882,161646,167970,123.01,117.25,-1.18,0.25,20.27,38.29,-9.31,2.55,37.21
 2020/02/03,15.53,25550400,185700,170212,101.27,121.86,-2.58,-0.47,10.53,26,-17.34,3.14,27.65
 2020/02/04,16.24,22114828,204892,170506,103.33,128.74,-2.33,-0.96,27.65,35.3,-4.97,2.72,22.94
 2020/02/05,16.29,20694340,210572,175046,110.46,135.62,-3.02,-1.53,28.8,35.92,4.02,2.54,23.28
 2020/02/06,16.43,18087736,214308,181346,103.43,123.76,-3.15,-2.04,32.41,37.73,13.64,2.22,29.07
 2020/02/07,16.3,12160405,197215,179431,99.1,122.55,-2.91,-2.53,30.68,36.68,17.65,1.49,29.82
 2020/02/10,17.8,33016272,212147,198924,113.9,143.53,-1.4,-2.57,60.18,53.15,55.29,4.06,38.25
 2020/02/11,17.34,24204700,216327,210609,103.05,129.06,-1.86,-2.44,52.03,48.9,72.32,2.97,43.81
 2020/02/12,17.64,17206400,209351,209962,109.62,139.77,-1.22,-2.26,56.63,51.65,96.34,2.11,51.12
 2020/02/13,17.82,21944208,217064,215686,109.32,138.24,-1.09,-1.94,59.43,53.3,102.04,2.7,51.23
 2020/02/14,18.23,20582638,233908,215562,100.76,133.33,0.05,-1.41,65.51,56.94,113.9,2.53,55.01
 2020/02/17,18.71,22503184,212882,212515,97.53,136.81,0.57,-0.83,71.51,60.85,118.48,2.77,59.31
 2020/02/18,18.55,19942992,204359,210343,96.29,131.07,1.29,-0.38,66.86,58.91,113.76,2.45,61.85
 2020/02/19,18.55,22101540,214149,211750,102.38,143.31,3.02,0.44,66.86,58.91,100.97,2.72,62.69
 2020/02/20,18.64,20690956,211643,214353,92.11,135.47,2.4,1.04,68.52,59.77,95.4,2.54,62.13
 2020/02/21,18.56,20208028,210893,222401,94.22,138.91,2.27,1.6,65.05,58.58,82.59,2.48,61.93
 2020/02/24,18.62,24128624,214144,213513,92.65,137.21,2.19,1.96,66.57,59.24,76.68,2.97,62.06
 2020/02/25,18.26,21930336,218119,211239,77.95,130,1.96,2.19,50.65,53.62,51.25,2.7,58.8
 2020/02/26,19.17,39641864,253200,233674,89.09,154.39,1.37,2.2,71.4,63.24,63.86,4.87,60.97
 2020/02/27,20.13,45510888,302839,257241,104.62,176.77,2.79,2.16,81.33,70.32,80.33,5.59,66
 2020/02/28,19.26,31698408,325820,268357,98.06,204.89,1.62,2.03,59.03,59.07,61.16,3.9,68.39
 2020/03/02,21.19,38671796,354907,284525,114.47,231.94,3.37,2.22,76.32,70.49,87.75,4.75,71.02
 2020/03/03,21.5,54479012,420004,319061,124.17,183.61,3.27,2.4,78.1,71.87,84.22,6.7,71.02
 2020/03/04,22.8,37567852,415856,334528,130.33,207.66,4.09,2.75,84.11,76.81,96.71,4.62,78.6
 2020/03/05,22.81,35781912,396398,349619,142.79,220.57,4.26,3.23,84.15,76.85,93.07,4.4,81.15
 2020/03/06,22.03,30185764,393373,359596,133.21,215.75,3.48,3.35,68.05,68.29,80,3.71,78.99
 2020/03/09,20.69,26546252,369122,362014,129.93,228.57,2.05,3.42,48.8,56.5,54.43,3.26,69.4
 2020/03/10,21.85,28237748,316639,368322,166.36,238.18,3.29,3.41,60.43,62.6,52.99,3.47,62.63
 2020/03/11,21.06,20433508,282370,349113,144.99,208.45,2.44,3.27,50.97,56.69,40,2.51,57.32
 2020/03/12,20.55,15555358,241917,319158,132.08,203.61,2.29,2.97,45.46,53.16,18.71,1.91,55.88
 2020/03/13,19.97,19046604,219639,306506,117.33,213.2,0.8,2.39,39.61,49.34,5.71,2.34,49.91
 2020/03/16,18.95,20153364,206853,287987,112.34,185.93,-1.18,1.62,31.15,43.37,-9.07,2.48,44.02
 2020/03/17,18.82,19945782,190269,253454,98.93,150.48,-0.44,1.2,30.17,42.66,-7.16,2.45,39.4
 2020/03/18,19.2,27256960,203916,243143,113.28,167,-1.99,0.32,37.14,45.53,4.68,3.35,37.94
 2020/03/19,19.79,21270290,215346,228632,111.72,161.57,-1.71,-0.37,47,49.79,27.53,2.61,41.23
 2020/03/20,20.48,24107292,225467,222553,113.97,161.85,-2.32,-1.14,56.56,54.35,53.33,2.96,47.07
 2020/03/23,20.02,24833084,234827,220840,107.39,165.54,-2.79,-1.74,49.43,50.98,58.66,3.05,49.85
 2020/03/24,20.58,19106052,233147,211708,109.41,154.76,-1.45,-1.78,57.29,54.71,84.02,2.35,52.33
 2020/03/25,20.71,17977842,214589,209253,116.42,152.24,0.02,-1.71,59.07,55.56,96.17,2.21,52.99
 2020/03/26,20.11,12983616,198016,206681,108.82,145,-1.74,-1.66,48.02,50.74,85.49,1.6,52.88
 2020/03/27,20.34,16234221,182270,203868,113.04,147.13,-0.72,-1.5,52.14,52.47,84.23,2,51.8
 2020/03/30,20.07,15809425,164222,199525,111.25,151.86,-0.48,-1.19,46.9,50.21,68.98,1.94,49.17
 2020/03/31,19.62,12427305,150865,192006,105.49,141.43,-0.35,-0.79,39.06,46.58,46.89,1.53,47.12
 2020/04/01,19.7,12152969,139215,176902,112.82,145.06,0.75,-0.42,41.16,47.32,20.32,1.49,44.59
 2020/04/02,19.79,12233004,137714,167865,103.04,133.22,0.97,-0.26,43.77,48.2,14.94,1.5,43.66
 2020/04/03,19.48,10860403,126966,154618,93.62,123.96,0.28,0.08,36.98,45.35,1.12,1.33,43.08
 2020/04/07,21.25,36130664,167609,165915,112.85,122.76,1.46,0.44,69.45,60.05,59.75,4.44,49.71
 2020/04/08,21.42,22640008,188034,169449,96.52,111.07,0.94,0.68,71.17,61.15,94.88,2.78,56.39
 2020/04/09,21.32,15957268,195643,167429,90.41,125.62,1.3,0.95,68.46,60.09,100.53,1.96,63.98
 2020/04/10,21.2,21008048,213193,175453,86.55,110.35,0.62,0.93,64.9,58.76,92.34,2.58,63.24
 2020/04/13,22.06,25763964,243000,184983,91.96,119.42,1.35,0.99,75.74,64.84,98.59,3.17,64.98
 2020/04/14,22.25,20257860,211254,189431,100.69,121.74,2.14,1.3,77.58,66.05,101.46,2.49,67.85
 2020/04/15,22.29,19582296,205139,196586,115.86,123.06,1.95,1.38,78,66.32,97.98,2.41,71.57
 2020/04/16,22.5,20446850,214118,204880,105.68,119.33,2.43,1.63,80.32,67.76,99.2,2.51,72.98
 2020/04/17,23.55,26560588,225223,219208,129.02,137.63,3.93,2.07,87.96,73.87,93.74,3.26,76.62
 2020/04/20,25.03,33591552,240878,241939,160.21,155.02,5.33,2.85,92.73,79.77,91.23,4.13,82.5
 2020/04/21,25.38,27167252,254697,232976,184.89,157.83,5.59,3.56,93.47,80.88,94.48,3.34,88.09
 2020/04/22,25.09,20533632,256600,230869,193.61,174.78,5.61,4.14,84.93,77.05,90.78,2.52,88.83
 2020/04/23,24.44,20881908,257470,235794,191.89,183.75,3.19,4.35,68.18,69.05,77.04,2.57,83.01
 2020/04/24,24.12,16166348,236681,230952,173.18,169.58,2.7,4.39,61.07,65.4,61.52,1.99,74.92
 2020/04/27,24.95,22045560,213589,227234,194.84,181.79,3.63,4.34,70.61,69.9,69.71,2.71,71.04
 2020/04/28,25.11,20990044,201235,227966,189.76,174.12,3.91,4.11,72.19,70.7,77.66,2.58,71.71
 2020/04/29,25.78,19211480,198591,227595,217.06,175.42,3.72,3.79,78.1,73.88,82.36,2.36,75.74
 2020/04/30,25.49,14838196,186503,221987,200.95,175.11,3.24,3.4,70.34,70.28,69.7,1.82,75.72
 2020/05/06,25.56,14129007,182429,209555,190.91,188,3.27,3.41,71.17,70.66,64.03,1.74,75.5
 2020/05/07,26.82,23048086,184434,199012,225.19,206.82,4.32,3.68,82.03,76.5,85.2,2.83,76.54
 2020/05/08,26.71,16249653,174953,188094,218.84,219.56,3.16,3.6,78.91,75.08,88.52,2,78.7
 2020/05/11,27.71,22634802,181799,190195,255.85,233.42,2.68,3.4,85.09,78.96,88.02,2.78,82.4
 2020/05/12,27.99,16978484,186080,186292,262.23,235.05,2.61,3.21,86.42,79.91,91.9,2.09,83.79
 2020/05/13,28.19,13474890,184772,183600,245.13,225.61,3.1,3.19,87.39,80.6,96.62,1.66,86.21
 2020/05/14,27.61,18706126,176088,180261,222.57,200.46,3.17,3.17,70.02,72.73,85.55,2.3,82.79
 2020/05/15,27.43,17799024,179187,177070,208.6,184.11,3.31,3,65.19,70.41,74.43,2.19,77.77
 2020/05/18,26.45,20694792,175307,178553,161.87,148.67,1.5,2.73,44.95,59.17,46.13,2.54,66.82
 2020/05/19,26.33,13555989,168462,177271,166.96,144.41,1.22,2.48,42.98,57.93,16.29,1.67,59.38
 2020/05/20,25.9,17030148,175572,180172,158.59,139.12,0.12,2.07,36.19,53.56,-2.41,2.09,51.03
 2020/05/21,26.24,17719528,173599,174843,161.98,147.21,0.75,1.68,44.51,56.4,0.19,2.18,49.87
 2020/05/22,24.92,18455644,174912,177049,137.06,122.94,-0.64,1.04,27.69,44.8,-12.77,2.27,43.9
 2020/05/25,25.03,12131581,157786,166546,132.32,117.79,-1.79,0.19,30.33,45.81,-2.84,1.49,40.6
 2020/05/26,25.29,10750955,152176,160319,129.69,117.01,-1.42,-0.29,36.85,48.26,9.75,1.32,37.09
 2020/05/27,24.78,9007933,136131,155852,122.57,106.61,-2.93,-0.98,30.19,44.01,8.45,1.11,37.02
 2020/05/28,25.11,13005893,126704,150151,114.46,105.61,-2.88,-1.48,38.78,47.29,17.99,1.6,38.19
 2020/05/29,24.48,10818589,111430,143171,91.87,88.95,-3.71,-2.23,30.26,42.15,9.35,1.33,35.63
 2020/06/01,25.32,13180686,113528,135657,95.86,88.38,-2.29,-2.5,48.4,50.05,30.26,1.62,39.29
 2020/06/02,25.19,10588513,113203,132689,96.78,86.9,-2.24,-2.58,46.17,48.92,37.02,1.3,40.61
 2020/06/03,24.71,14860913,124909,130520,101.91,91.21,-1.74,-2.63,38.34,44.85,26.88,1.83,42.36
 2020/06/04,23.78,17658826,134215,130460,95.59,86.71,-2.55,-2.57,27.5,38.14,6.78,2.17,36.82
 2020/06/05,23.9,12505884,137590,124510,84.43,81.58,-2,-2.42,30.54,39.42,12.97,1.54,32.51
 2020/06/08,23.5,11635601,134499,124014,78.28,79.06,-2.74,-2.26,26.15,36.67,3.41,1.43,28.91
 2020/06/09,23.47,10633148,134589,123896,70.87,72.94,-1.45,-2.12,25.82,36.46,1.34,1.31,28.26
 2020/06/10,24.28,22700324,150268,137588,78.22,82.87,-0.75,-1.87,47.52,45.56,26.76,2.79,31.87
 2020/06/11,23.58,18582444,152115,143165,74.41,76.02,-1.71,-1.87,36.46,40.14,17.3,2.28,34.12
 2020/06/12,23.23,12110270,151324,144457,62.09,69.43,-1.55,-1.7,31.99,37.69,11.59,1.49,35.33
 2020/06/15,23.01,12079333,152211,143355,61.4,67.65,-2.1,-1.72,29.28,36.18,6.41,1.48,30.9
 2020/06/16,23.65,20153196,171251,152920,55.07,61.39,-0.83,-1.4,45.41,43.39,31.88,2.48,32.92
 2020/06/17,23.38,15371577,156594,153431,51.23,60.07,-1.94,-1.48,40.71,41.24,37.87,1.89,35.03
 2020/06/18,23.47,9481981,138393,145254,52.14,58.17,-1.72,-1.64,43.07,42.28,44.28,1.17,38.38
 2020/06/19,23.21,19705908,153584,152454,54.3,60.12,-1.5,-1.61,37.85,40.05,34.65,2.42,36.78
 2020/06/22,23.12,11801628,153029,152620,56.77,65.02,-0.66,-1.46,36.04,39.27,25.07,1.45,35.84
 2020/06/23,23.17,12212525,137147,154199,65.61,74.72,-0.73,-1.23,38.02,39.98,24.72,1.5,34.73
 2020/06/24,23.99,27722870,161850,159222,72.84,86.35,0.49,-1.01,61.48,50.36,69.09,3.41,40.34
 2020/06/29,23.4,18189512,179265,158829,72.2,87.04,-0.07,-0.7,46.34,44.34,58.61,2.24,43.2
 2020/06/30,23.61,13763898,167381,160482,68.45,81.61,-0.67,-0.52,51.44,46.81,61.3,1.69,46.96
 2020/07/01,25.19,32848692,209475,181252,88.11,105.68,1.61,0,73.89,61,95.65,4.04,52.1
 2020/07/02,25.47,29283232,243616,190382,94.47,117.97,2.24,0.48,76.22,62.91,103.41,3.6,61.23
 2020/07/03,25.54,27203056,242577,202213,101.82,130.7,2.53,1.02,76.85,63.4,94.38,3.34,69.3
 2020/07/06,26.22,33086324,272370,225818,115.48,146.45,2.57,1.37,82.25,67.9,102.62,4.07,72.4
 2020/07/07,25.82,31510560,307864,237622,104.83,130.54,2.44,1.79,70.61,62.94,95.81,3.87,72.01
 2020/07/08,25.81,26237194,294641,252058,106.3,132.52,2.34,2.29,70.31,62.81,90.82,3.22,71.32
 2020/07/09,27.05,37769420,311613,277615,110.19,140.62,3.84,2.66,81.78,70.69,93.34,4.64,72.17
 2020/07/10,26,25673196,308553,275565,103.12,136.43,2.88,2.77,58.73,59.12,74.29,3.16,69.74
 2020/07/13,27.06,29541746,301464,286917,112.99,155.85,3.89,2.99,69.23,65.36,83.03,3.63,70.23
 2020/07/14,27.8,39047896,316539,312201,131.18,166.7,3.81,3.2,74.64,68.97,87.63,4.8,68.75
 2020/07/15,27.21,22709920,309484,302063,125.25,152.84,3.81,3.43,63.9,63.24,74.93,2.79,70.34
 2020/07/16,25.95,27436814,288819,300216,119.98,146.1,2.34,3.43,46.68,52.98,37.98,3.37,64.16
 2020/07/17,26.95,26294778,290062,299308,135.06,158.36,1.76,3.08,57.57,58.77,44.75,3.23,59.14
 2020/07/20,29.49,43217848,317415,309439,150.9,171.43,4.02,3.27,73.85,69.26,78.82,5.31,61.57
 2020/07/21,29.2,30882268,301083,308811,146.96,165.36,3.66,3.23,70.16,67.13,90.65,3.8,67.91
 2020/07/22,29.32,22013934,299691,304588,150.67,165.82,3.1,3.12,70.88,67.58,96.34,2.71,71.71
 2020/07/23,30.05,25727814,296273,292546,153.39,173.37,4.23,3.19,75.25,70.28,105.14,3.16,72.08
 2020/07/24,28.3,25787036,295258,292660,130.31,152.21,2.49,3.21,52.56,57.72,71.38,3.17,67.5
 2020/07/27,28.94,17180016,243182,280298,146.6,161.7,1.89,3.23,58.1,60.54,64.66,2.11,64.04
 2020/07/28,28.25,16127965,213674,257378,140.23,152.31,2.25,2.94,50.47,56.14,50.57,1.98,57.33
 2020/07/29,28.6,16433077,202512,251102,142.82,160.2,1.54,2.58,54.14,57.83,48.67,2.02,57.42
 2020/07/30,29.97,36805464,224667,260470,158.63,176.8,2.17,2.43,65.97,63.8,66.64,4.52,59.01
 2020/07/31,30.23,22370814,217835,256546,156.7,175.29,3.02,2.23,67.86,64.83,82.3,2.75,63.14
 2020/08/03,30.34,23530612,230536,236859,156.36,159.61,4.39,2.54,68.74,65.29,77.12,2.89,66.66
 2020/08/04,30.25,17902008,234084,223879,162.22,168.88,3.3,2.78,66.94,64.54,72.37,2.2,66.98
 2020/08/05,30.13,15126959,231472,216992,153.37,166.79,0.64,2.51,64.25,63.49,67.49,1.86,66.27
 2020/08/06,29.98,15951038,189763,207215,135.07,147.07,0.78,2.38,60.59,62.1,62.15,1.96,64.63
 2020/08/07,30.51,17371606,179764,198800,132.42,140.58,1.19,2.22,68.25,65.04,70.39,2.14,64.87
 2020/08/10,29.91,24772004,182247,206392,130.39,123.84,-0.14,1.69,53.99,59.35,56.99,3.04,62.69
 2020/08/11,28.29,27401638,201247,217665,114.47,110.87,-0.01,0.96,32.2,47.19,11.78,3.37,55.28
 2020/08/12,27.59,18306376,207605,219539,107.49,102.73,-1.35,0.19,26.62,43.03,1.63,2.25,44.46
 2020/08/13,27.67,12168725,200041,194902,114.07,106.87,-0.58,-0.02,28.32,43.65,0.02,1.5,36.94
 2020/08/14,27.68,12112520,189523,184644,105.41,96.36,-0.92,-0.3,28.57,43.73,1.52,1.49,35.42
 2020/08/17,28.25,15353663,170686,176467,115.98,103.97,-1.72,-0.79,42.26,48.47,12.48,1.89,38.4
 2020/08/18,28.55,14166246,144215,172731,110.33,96.32,-1.68,-1.04,48.5,50.85,23.66,1.74,42.32
 2020/08/19,29.11,21823304,151249,179427,111.99,101.82,-1.23,-1.25,58.53,55.07,38.14,2.68,48.45
 2020/08/20,28.47,10422034,147756,173898,111.01,102.62,-1.78,-1.32,46.19,49.75,36.04,1.28,49.27
 2020/08/21,28.08,12978901,149488,169505,114.08,102.34,-2.05,-1.56,40.02,46.74,43.6,1.6,47.31
 2020/08/24,28.38,10651164,140083,155385,109.14,97.61,-1.6,-1.68,46.6,49.31,55.03,1.31,44.49
 2020/08/25,28.55,10058267,131867,138041,95.24,85.1,-1.96,-1.72,50.31,50.78,60.88,1.24,45.19
 2020/08/26,27.74,11153415,110528,130888,97.04,87.61,-2.17,-1.8,36.01,44.13,40.13,1.37,44.02
 2020/08/27,27.9,7865536,105415,126585,102.5,86.63,-0.39,-1.66,40.05,45.67,22.34,0.97,42.31
 2020/08/28,28.18,10434283,100325,124907,101.1,82.76,0.59,-1.26,47.07,48.37,23.55,1.28,41.28
 2020/08/31,28.3,10557412,100138,120111,116.97,89.29,0.63,-0.82,50.07,49.54,28.95,1.3,44.25
 2020/09/01,27.91,8153749,96329,114098,102.07,83.48,0.23,-0.51,41,45.85,25.65,1,44.45
 2020/09/02,27.89,6980339,87983,99255,106.49,86.68,-0.36,-0.25,40.54,45.66,23.59,0.86,43.07
 2020/09/03,27.78,9566926,91385,98400,109.03,85.37,-0.77,-0.01,37.79,44.55,17.22,1.18,40.45
 2020/09/04,27.61,7656777,85830,93078,89.32,72.2,-1.5,-0.2,33.57,42.79,22.58,0.94,38.84
 2020/09/07,27.09,9314955,83345,91742,87.2,70.52,-1.38,-0.52,23.8,37.82,7.03,1.14,34.78
 2020/09/08,26.31,13076797,93192,94760,73.38,66.38,-1.77,-0.92,15.62,31.78,11.44,1.61,28.43
 2020/09/09,24.94,12715622,104662,96322,68.13,61.44,-3.44,-1.54,9.06,24.33,-0.36,1.56,19.92
 2020/09/10,24.97,8236225,102001,96693,73.95,58.93,-3.58,-2.07,10.05,24.75,-1.08,1.01,14.19
 2020/09/11,25.6,6653591,99994,92912,80.84,64.92,-2.14,-2.3,29.46,33.26,13.95,0.82,16.05
 2020/09/14,26.05,7938357,97241,90293,85.25,68.24,-1.85,-2.36,40.47,38.67,31.72,0.98,23.9
 2020/09/15,26.16,5059324,81206,87199,78.56,73.73,-2.02,-2.47,43.08,39.97,42.71,0.62,32.21
 2020/09/16,26.41,6679903,69135,86898,93.68,85.6,-1.89,-2.49,49.15,42.96,54.39,0.82,37.42
 2020/09/17,25.83,6818160,66299,84150,100.18,92.7,-2.08,-2.26,37.89,38.15,45.91,0.84,37.27
 2020/09/18,26.53,10950253,74892,87443,100.36,91,-1.36,-1.89,53.36,46.09,70.83,1.35,40.61
 2020/09/21,26.07,9319551,77654,87448,98.57,90.19,-1.71,-1.82,44.6,42.21,79.47,1.15,40.36
 2020/09/22,25.37,7154444,81845,81525,87.44,80.95,-2.24,-1.88,34.32,37.02,54.87,0.88,40
 2020/09/23,24.98,9926449,88338,78736,83.78,74.59,-2.11,-1.9,29.73,34.45,22.5,1.22,34.24
 2020/09/24,24.04,9885239,94472,80385,68.26,60.89,-2.27,-1.96,21.45,29.13,0.2,1.21,28.04
 2020/09/25,24.18,7052875,86677,80785,73.43,64.65,-0.76,-1.74,25.17,30.87,2.21,0.87,25.31
 2020/09/28,23.93,6155286,80349,79001,76.05,69.83,-1.04,-1.69,22.85,29.46,-1.84,0.76,23.16
 2020/09/29,24.07,4937084,75914,78879,71.17,63.89,-1.53,-1.66,27.36,31.37,1.1,0.61,24.45
 2020/09/30,24.1,7997460,72056,80197,74.15,68.31,-1.95,-1.61,28.43,31.8,4.46,0.98,25.07
 2020/10/09,24.41,7113255,66512,80492,84.76,74.71,-1.75,-1.55,39.52,36.31,15.03,0.87,28.78
 2020/10/12,25.03,10320994,73048,79863,83.56,77.09,-1.38,-1.4,55.92,44.34,49.2,1.27,35.69
 2020/10/13,24.84,6868852,74475,77412,80.02,70.63,-0.99,-1.44,50.85,42.55,65.53,0.84,41.41
 2020/10/14,24.24,8347514,81296,78605,70.93,66.78,-2.29,-1.65,37.85,37.35,55.73,1.03,41.96
 2020/10/15,24.45,6252088,77805,74931,78.38,73.53,-1.62,-1.66,43.88,40.14,61.36,0.77,39.76
 2020/10/16,23.9,7760822,79101,72806,74.89,71.66,-1.47,-1.58,33.63,35.6,25.76,0.95,36.19
 2020/10/19,23.43,7540035,73539,73293,72.36,67.73,-1.55,-1.55,27.13,32.21,4.23,0.93,33.65
 2020/10/20,23.46,6063415,71928,73202,74.87,64.24,-0.58,-1.42,28.19,32.65,8.4,0.75,29.89
 2020/10/21,22.95,7491479,70216,75756,71.78,60.7,-1.23,-1.46,21.73,29.1,-0.39,0.92,26.72
 2020/10/22,22.49,8427432,74566,76186,75.18,62.11,-1.44,-1.32,17.4,26.28,-1.93,1.04,23.91
 2020/10/23,21.85,8705108,76455,77778,83.15,64.83,-2.22,-1.42,13.07,22.91,-5.53,1.07,19.37
 2020/10/26,22.2,6904368,75184,74361,77.71,68.11,-1.9,-1.49,25.29,28.39,11.17,0.85,19.48
 2020/10/27,23.02,11762037,86581,79254,80.34,71.84,-1.39,-1.46,46.45,39.39,39.81,1.45,26.55
 2020/10/28,22.69,7371915,86342,78279,70.17,64.88,-2.34,-1.75,40.86,36.9,49.12,0.91,33.84
 2020/10/29,22.26,13258411,96004,85285,64.08,68.31,-2.58,-1.98,34.39,33.86,44.28,1.63,36.7
 2020/10/30,21.94,8802923,96199,86327,61.4,64.35,-2.3,-2.12,30.13,31.73,36.19,1.08,32.87
 2020/11/02,21.2,12052041,106495,90839,62.97,64.74,-3.25,-2.29,22.42,27.4,13.03,1.48,28.24
 2020/11/03,22.09,12940940,108852,97717,66.06,68.57,-1.81,-2.28,43.34,38.43,35.77,1.59,30.67
 2020/11/04,23.06,21522640,137154,111748,78.53,81.96,-0.37,-2.11,58.12,47.86,78.17,2.65,38.59
 2020/11/05,23.07,13687965,138013,117008,86.32,80.3,-0.39,-1.78,58.25,47.95,93.01,1.68,48.62
 2020/11/06,23.08,12946012,146299,121249,88.08,86.72,0.13,-1.33,58.41,48.04,98.54,1.59,53.16
 2020/11/09,23.24,14756355,151708,129101,96.82,93.36,0.75,-0.82,61.27,49.69,104.19,1.81,54.04
 2020/11/10,22.91,11470184,148766,128809,94.71,90.23,1.06,-0.11,52.36,46.39,93.32,1.41,53.1
 2020/11/11,24.24,27089630,159900,148527,107.78,105.11,2.04,0.54,72.03,58.51,101.4,3.33,57.8
 2020/11/12,24.52,20250884,173026,155520,102.34,102.38,1.5,0.85,74.67,60.55,105.45,2.49,62.6
 2020/11/13,23.88,15314909,177764,162032,88.7,93.49,1.19,1.11,59.31,53.92,92.1,1.88,65.66
 2020/11/16,24.59,16516991,181285,166497,91.69,97.9,2.33,1.48,68.06,59.31,95.24,2.03,65.5
 2020/11/17,24.43,21829764,202004,175385,88.17,92.43,2.49,1.77,64.32,57.65,84.3,2.68,63.56
 2020/11/18,24.07,14216184,176257,168079,86.58,94.37,2.87,2.07,56.01,53.95,67.35,1.75,63.19
 2020/11/19,23.63,11363208,158482,165754,85.36,92.69,1.54,1.99,47.09,49.69,42.4,1.4,58.17
 2020/11/20,23.8,8238231,144329,161046,81.7,90.46,0.74,1.86,50.72,51.31,36.59,1.01,54.81
 2020/11/23,24.22,17654484,146604,163944,90.36,103.52,1.15,1.85,59.07,55.2,47.73,2.17,55.31
 2020/11/24,23.95,8386654,119718,160861,89.6,104.49,0.87,1.61,52.24,52.27,35.57,1.03,56.46
 2020/11/25,22.92,14577867,120441,148349,85.63,98.07,-0.32,1.14,34.17,42.82,2.9,1.79,52.01
 2020/11/26,22.59,9241440,116197,137340,85.12,99.74,-0.32,0.61,30.16,40.28,-8.78,1.14,44.42
 2020/11/27,22.72,6923807,113569,128949,90.87,106.35,-1.52,0.1,33.83,41.76,-5.68,0.85,39.15
 2020/11/30,22.83,8278471,94816,120710,97.45,114.88,-1.69,-0.3,37.18,43.07,3.72,1.02,39.37
 2020/12/01,23.08,5663606,89370,104544,100,121.13,-0.8,-0.63,44.81,46.08,18.27,0.7,42.4
 2020/12/02,23.01,6479718,73174,96807,92.97,112.23,-1.58,-1.04,43.06,45.35,24.07,0.8,44.27
 2020/12/03,22.71,6259722,67211,91704,93.25,110.26,-1.72,-1.27,35.83,42.22,17.41,0.77,43.82
 2020/12/04,22.85,7721098,68805,91187,101.04,104.79,-1.22,-1.42,41.34,44.18,22.7,0.95,42.85
 2020/12/07,22.33,6952215,66153,80485,95.61,100.97,-1.3,-1.38,29.9,38.83,5.1,0.85,39.49
 2020/12/08,22.07,6685798,68197,78784,99.22,105.42,-1.73,-1.39,25.64,36.43,0.08,0.82,36.57
 2020/12/09,21.82,6723803,68685,70930,89.65,97.67,-2.4,-1.66,22.02,34.21,-4.89,0.83,31.48
 2020/12/10,21.7,4334066,64834,66022,78.22,85.69,-2.25,-1.77,20.36,33.15,-2.69,0.53,28.65
 2020/12/11,21.42,5811429,61015,64910,74.28,89.03,-1.5,-1.73,16.82,30.73,1.9,0.71,25.86
 2020/12/14,21.3,4623185,56357,61255,73.47,84.49,-1.29,-1.74,15.44,29.72,2.29,0.57,23.67
 2020/12/15,21.75,11783782,66553,67375,72.35,85.27,-0.97,-1.69,38.25,38.08,35.1,1.45,26.68
 2020/12/16,21.16,5743572,64592,66639,68.97,86.11,-1.67,-1.68,26.85,32.54,33.32,0.71,28.07
 2020/12/17,21.55,8037280,71998,68416,56.5,70.79,-1.53,-1.54,40.84,38.94,45.83,0.99,33.38
 2020/12/18,21.51,5755399,71886,66451,58.81,75.89,-1.5,-1.41,39.9,38.53,54.95,0.71,33.81
 2020/12/21,21.26,7991894,78624,67490,60.55,78.16,-1.45,-1.4,34.03,35.96,51.73,0.98,35.7
 2020/12/22,20.3,11045054,77146,71849,46.44,65.12,-2.55,-1.61,20.29,28.09,24.38,1.36,30.36
 2020/12/23,19.51,11909590,89478,77035,40.36,59.03,-2.82,-1.92,14.5,23.48,9.15,1.46,23.24
 2020/12/24,19.64,8322959,90050,81024,47.44,64.24,-2.43,-2.05,19.06,25.67,5.96,1.02,18.6
 2020/12/25,19.32,6566632,91672,81779,49.46,66.63,-2.5,-2.21,16.47,23.84,0.42,0.81,16.96
 2020/12/28,18.79,8869119,93427,86025,46.59,61.43,-2.91,-2.44,12.96,21.12,-5.2,1.09,16.17
 2020/12/29,19.32,9999709,91336,84241,47.21,59.04,-2.1,-2.55,30.67,29.86,6.31,1.23,18.77
 2020/12/30,19.09,6118869,79755,84617,46.65,58.17,-2.21,-2.49,27.73,28.37,7.12,0.75,21.46
 2020/12/31,19.51,7398072,77905,83977,56.49,71.62,-2.24,-2.4,40.27,34.84,21.82,0.91,28.61
 2021/01/04,19.67,7602792,79977,85825,60.89,75.4,-1.49,-2.24,44.66,37.2,37.34,0.93,32.41
 2021/01/05,19.53,8256445,78752,86089,57,69.97,-2.02,-2.16,41.46,35.95,55.82,1.01,36.26
 2021/01/06,20.66,21891160,102535,96935,65.26,79.35,-0.85,-1.82,65.44,50.5,94.8,2.69,43.91
 2021/01/07,20.06,12307977,114913,97334,58.41,69.26,-1.2,-1.67,51.89,44.63,89.11,1.51,47.31
 2021/01/08,20.07,8308658,116734,97319,60.11,73.92,-0.23,-1.34,52.09,44.75,84.2,1.02,51.41
 2021/01/11,19.64,8810557,119150,99563,62,73.53,0.13,-0.94,42.96,40.72,63.46,1.08,46.32
 2021/01/12,19.56,8003262,118643,98698,63.13,74.58,-0.08,-0.71,41.34,39.99,45.53,0.98,43.92
 2021/01/13,19.94,11942187,98745,100640,70.58,82.17,0.62,-0.27,51.71,45.09,47.42,1.47,44.02
 2021/01/14,20.32,11865558,97860,106387,77.86,88.78,1.53,0.13,60.16,49.76,64.55,1.46,48.46
 2021/01/15,19.97,7222913,95689,106212,76.02,86.7,0.65,0.44,50.41,45.84,54.1,0.89,51.2
 2021/01/18,19.41,15640112,109348,114249,69.32,79.66,0.32,0.53,38.44,40.31,30.56,1.92,48.53
 2021/01/19,19.21,8331587,110005,114324,69.47,81.03,-0.3,0.46,34.89,38.5,11.64,1.02,42.66
 2021/01/20,19.01,6542444,99205,98975,68.53,82.78,-0.66,0.36,31.41,36.7,-4.91,0.8,37.97
 2021/01/21,19.09,7099294,89673,93767,69.73,83.26,-0.44,0.18,34.55,37.97,-4.66,0.87,36.81
 2021/01/22,18.21,14780691,104788,100239,67.73,78.31,-2.45,-0.48,21.55,30.63,-11.16,1.82,32.93
 2021/01/25,17.59,18655920,110820,110084,60.59,71.41,-2.47,-1,16.35,26.66,-3.76,2.29,28.15
 2021/01/26,17.52,10614843,115386,112696,59.14,68.92,-2.55,-1.48,15.83,26.25,-0.31,1.3,22.52
 2021/01/27,17.64,6520387,115342,107274,64.58,74.27,-2,-1.76,20.98,28.35,5.4,0.8,21.63
 2021/01/28,17.25,5908262,112960,101316,68.96,77.3,-2.31,-2.04,16.94,25.75,0.14,0.73,21.34
 2021/01/29,17.34,5700680,94800,99794,78.41,80.02,-2.6,-2.4,21.14,27.42,4.82,0.7,22.13
 2021/02/01,17.36,4892830,67274,89047,71.57,73.98,-2.96,-2.48,22.19,27.82,10.35,0.6,22.03
 2021/02/02,17.67,7246946,60538,87962,79.02,81.29,-2.3,-2.45,37.64,33.9,24.63,0.89,26.42
 2021/02/03,17.52,4983544,57465,86403,81.18,86.11,-1.89,-2.34,33.75,32.46,27.53,0.61,29.15
 2021/02/04,16.85,8087768,61824,87392,66.1,72.71,-2.36,-2.4,21.72,26.88,24.63,0.99,28.87
 2021/02/05,17.33,9743387,69909,82355,77.97,86.59,-1.68,-2.3,40.08,35.54,51.11,1.2,29.84
 2021/02/08,18.01,11860510,83844,75559,79.79,88.33,-1.08,-2.04,57.17,45.51,89.19,1.46,36.49
 2021/02/09,18.01,8564820,86480,73509,77.42,88.08,-0.2,-1.58,57.17,45.51,106.09,1.05,45.95
 2021/02/10,18.22,8466103,93445,75455,82.54,93.46,0.63,-1.1,61.99,48.44,112.3,1.04,52.31
 2021/02/18,18.51,9015701,95301,78562,75.42,80.79,0.99,-0.62,67.96,52.31,111.08,1.11,55.59
 2021/02/19,20.36,22667096,121148,95529,102.62,107.56,2.72,0.23,85.46,68.66,117.41,2.79,65.82
 2021/02/22,21.33,45645708,188719,136282,124.79,113.49,4.08,1.19,89.18,73.8,105.04,5.61,76.43
 2021/02/23,21.6,26862848,225315,155897,128.01,125.58,4.26,2.08,90.03,75.04,100.74,3.3,85.61
 2021/02/24,22.14,32804424,273992,183718,139.81,137.07,4.78,2.91,91.61,77.38,99.82,4.03,88.61
 2021/02/25,22.61,33171268,322303,208802,139.01,132.79,4.94,3.63,92.81,79.23,98.99,4.08,90.39
 2021/02/26,21.36,24571330,326111,223630,113.97,121.81,3.84,4.1,63.82,64.04,79.22,3.02,84.07
 2021/03/01,21.81,17126356,269072,228896,119.65,128.19,4.96,4.48,68.12,66.56,75.19,2.1,78.06
 2021/03/02,22.07,21917504,259182,242248,138,146.27,4.74,4.59,70.55,67.97,75.63,2.69,72.05
 2021/03/03,22.11,19967468,233508,253750,142.53,139.69,4.1,4.56,70.96,68.2,76.54,2.45,73.82
 2021/03/04,21.44,18074104,203314,262808,133.91,135.46,3.43,4.34,55.49,60.42,42.85,2.22,70.59
 2021/03/05,20.52,19618144,193407,259759,116.88,122.66,2.3,3.9,40.83,51.6,11.57,2.41,62.5
 2021/03/08,20.03,12310994,183776,226424,125.82,125.66,1.52,3.51,34.93,47.57,-13.27,1.51,52.42
 2021/03/09,19.22,13530435,167002,213092,122.61,118.16,-1.14,2.49,27.15,41.7,-12.18,1.66,43.59
 2021/03/10,18.99,8880565,144828,189168,122.17,110.94,-2.34,1.31,25.24,40.16,-12.32,1.09,38.34
 2021/03/11,20.89,25764726,160210,181762,137.42,117.99,-0.71,0.51,56,55.08,24.88,3.17,42.23
 2021/03/12,21.74,34994752,190963,192185,152.45,126.56,-0.4,-0.13,63.96,59.95,60.28,4.3,51.01
 2021/03/15,21.47,19795760,205932,194854,142.15,137.12,-1.14,-0.7,59.84,57.78,74.82,2.43,59.43
 2021/03/16,21.52,14501740,207875,187439,137.89,134.31,0.16,-0.93,60.4,58.09,89.99,1.78,60.74
 2021/03/17,21.09,14847598,219809,182319,130.41,124.87,-0.72,-0.86,52.71,54.38,90.1,1.82,58.02
 2021/03/18,20.93,10377250,189034,174622,129.52,124.19,-1.14,-0.66,49.88,53.01,84.74,1.28,55.67
 2021/03/19,20.31,9919520,138884,164923,132.02,127.73,-1.8,-0.84,39.9,47.89,66.27,1.22,50.69
 2021/03/22,20.5,8942058,117176,161554,125.54,124.27,-0.94,-0.93,44.02,49.52,58.07,1.1,48.36
 2021/03/23,21.42,25678860,139531,173703,133.55,126.15,0.9,-0.59,59.96,56.67,64.67,3.16,50.27
 2021/03/24,20.02,16997640,143831,181820,121.61,122.96,-0.01,-0.62,39.45,45.88,15.73,2.09,49.46
 2021/03/25,20.01,8207128,139490,164262,118.82,124.93,0.79,-0.37,39.33,45.82,0.99,1.01,47.79
 2021/03/26,20.4,10660170,140972,139928,119.04,121.99,1.41,0.06,46.63,49.03,7.37,1.31,44.18
 2021/03/29,22.03,43024008,209136,163156,121.19,116.4,1.14,0.55,66.72,59.87,57.66,5.29,51
 2021/03/30,21.78,23290156,204358,171944,101.77,103.5,0.04,0.71,62.4,57.81,75.92,2.86,56.84
 2021/03/31,21.85,13601105,197565,170698,100.93,101.39,0.38,0.63,63.2,58.25,86.02,1.67,61.26
 2021/04/01,22.29,18230908,217613,178552,95.28,93.4,0.77,0.76,68.3,61.03,102.2,2.24,61.78
 2021/04/02,21.84,11593083,219479,180225,87.77,88.01,0.75,0.75,58.38,56.81,95.71,1.42,61.17
 2021/04/06,21.97,10552360,154535,181835,97.12,88.56,1.04,0.69,60.37,57.73,94.57,1.3,60.8
 2021/04/07,22.35,15921575,139798,172078,93.96,87.16,2.04,0.84,66.08,60.42,103.58,1.96,60.43
 2021/04/08,22.33,13691174,139978,168772,89.13,84.25,1.83,1.14,65.48,60.2,97.37,1.68,62.11
 2021/04/09,21.88,11130224,125777,171695,88.76,91.03,0.46,1.15,52.67,55.27,66.13,1.37,60.72
 2021/04/12,21.08,11864661,126320,172899,88.07,85.41,1.06,1.2,37.16,47.68,20.24,1.46,54.13
 2021/04/13,20.78,9993550,125202,139869,95.76,93.4,0.77,1.2,32.81,45.15,-5.31,1.23,46.42
 2021/04/14,20.99,6788586,106936,123367,96.28,96.68,0.59,1.13,38.82,47.29,-7.5,0.83,42.47
 2021/04/15,20.62,7030070,93614,116796,101.35,103.99,-1.41,0.55,32.65,43.99,-9.88,0.86,40.73
 2021/04/16,20.82,5793171,82940,104358,104.26,112.37,-0.96,0.08,38.95,46.2,-2.68,0.71,41.45
 2021/04/19,21.15,8252607,75716,101018,89.21,98.1,-0.7,-0.11,48.49,49.77,12.69,1.01,42.94
 2021/04/20,21.14,9762354,75254,100228,82.56,95.6,-1.15,-0.48,48.21,49.66,21.26,1.2,46.03
 2021/04/21,20.85,5110519,71897,89417,84.11,92.5,-0.99,-0.77,40.29,46.45,17.47,0.63,46.22
 2021/04/22,20.59,6055937,69949,81782,85.44,92.09,-1.38,-1.1,34.24,43.68,12.53,0.74,43.03
 2021/04/23,20.53,5576756,69516,76228,86.49,98.34,-1.82,-1.17,32.87,43.03,11.02,0.69,39.56
 2021/04/26,20.4,9241204,71494,73605,89.54,100.55,-1.93,-1.33,29.78,41.58,9.19,1.14,37.03
 2021/04/27,19.77,14834514,81638,78446,85.42,91.8,-2.11,-1.56,19.25,35.28,18.41,1.82,32.79
 2021/04/28,19.41,10483899,92385,82141,82.21,85.05,-1.67,-1.65,15.49,32.24,11.7,1.29,27.45
 2021/04/29,19.51,4994183,90261,80105,67.06,76.18,-1.27,-1.7,20.65,33.97,11.84,0.61,23.86
 2021/04/30,19.33,6260904,91629,80573,73.25,74.73,-1.66,-1.74,18.25,32.35,7.9,0.77,22.65
 2021/05/06,20.02,8609743,90366,80930,79.19,80.14,-0.6,-1.54,46.78,43.59,37.72,1.06,29.2
 2021/05/07,20.59,13411037,87520,84579,80.11,88.49,-0.23,-1.26,60.46,50.93,78.74,1.65,38.65
 2021/05/10,20.9,10576800,87705,90045,64.94,78.96,-0.25,-0.95,66.14,54.45,102.76,1.3,50.67
 2021/05/11,20.74,6642470,91002,90632,64.46,82.9,-0.4,-0.73,60.74,52.34,105.82,0.82,55.21
 2021/05/12,21.26,11773216,102027,96828,71.27,87.98,0.41,-0.45,70.22,58.1,111.97,1.45,58.78
 2021/05/13,20.84,13599785,112007,101187,70.05,90.04,0.25,-0.14,56.9,52.51,91.67,1.67,57.55
 2021/05/14,20.91,7445198,100075,93797,75.5,91.52,0.38,0.03,58.47,53.32,81.74,0.92,57.88
 2021/05/17,20.64,7827353,94576,91141,75.75,92.67,0.24,0.1,50.01,49.72,67.92,0.96,53.36
 2021/05/18,20.33,7697511,96686,93844,73.36,89.17,0.56,0.24,41.69,45.85,50.14,0.95,49.83
 2021/05/19,20.52,8660553,90461,96244,77.57,88.12,1.11,0.49,48.05,48.53,30.67,1.06,47.3
 2021/05/20,20.5,6035035,75331,93669,72.44,84.73,0.99,0.59,47.4,48.25,21.1,0.74,46.56
 2021/05/21,20.36,5150552,70742,85408,78.67,92.2,1.03,0.72,42.54,46.26,11.64,0.63,46.78
 2021/05/24,19.93,6051432,67190,80883,76.64,87.91,-0.09,0.64,30.89,40.62,-7.17,0.74,42.6
 2021/05/25,21.36,18066414,87928,92307,93.56,104.68,0.77,0.73,66.98,58.82,45.18,2.22,47.96
 2021/05/26,21.31,10289669,91186,90824,97.15,107.71,0.41,0.7,65.55,58.14,77.05,1.26,54.03
 2021/05/27,21.58,9425013,97966,86649,95.75,109.51,0.84,0.66,69.75,60.81,99.82,1.16,64.34
 2021/05/28,21.52,7827162,103319,87031,91.89,104.52,0.26,0.54,67.55,59.89,104.37,0.96,64.76
 2021/05/31,20.13,8370955,107958,87574,76.07,95.3,-0.71,0.25,36.01,43.25,45.49,1.03,57.11
 2021/06/01,20.06,6820310,85466,86697,77.48,91.23,-0.85,0.12,35.02,42.6,14.16,0.84,47.87
 2021/06/02,19.68,8044551,80976,86081,75.93,90.49,-0.96,-0.17,29.71,39.12,-1.86,0.99,37.49
 2021/06/03,19.74,6879857,75886,86926,76.24,89.36,-0.59,-0.34,31.67,39.96,-4.28,0.85,35.98
 2021/06/04,19.53,5010513,70252,86786,72.76,85.23,-0.99,-0.64,28.35,37.95,-6,0.62,33.81
 2021/06/07,19.75,5300336,64111,86035,83.77,98.88,-0.75,-0.81,36.7,41.33,1.97,0.65,35.1
 2021/06/08,19.58,5195420,60861,73164,84.77,99.23,-0.78,-0.82,33.12,39.52,1.92,0.64,35.04
 2021/06/09,19.43,4128632,53030,67003,82.63,94.46,-0.5,-0.76,30.02,37.91,-1.82,0.51,35.15
 2021/06/10,19.17,6847709,52965,64425,83.95,96.17,-2.19,-0.97,25.13,35.22,-4.46,0.84,32.14
 2021/06/11,19.41,5158416,53261,61757,81.6,85.54,-1.9,-1.19,36.58,39.55,15.75,0.63,32.4
 2021/06/15,19.6,7018566,56697,60404,73.91,77.18,-1.98,-1.35,44.63,42.85,52.46,0.86,35.23
 2021/06/16,19.67,6410914,59128,59995,73.13,73.2,-1.85,-1.53,47.57,44.07,73.48,0.79,40.05
 2021/06/17,19.62,3780899,58433,55731,74,74.73,-0.51,-1.49,45.5,43.35,78.25,0.46,42.11
 2021/06/18,19.19,6266069,57270,55117,62.58,62.65,-0.87,-1.55,31.39,37.55,44.85,0.77,39.35
 2021/06/21,18.18,12218695,71390,62326,54.68,54.6,-1.5,-1.43,16.75,27.97,13.49,1.5,31.41
 2021/06/22,17.91,7831416,73016,64857,54.79,58.33,-1.83,-1.42,14.57,26.03,-1.92,0.96,23.03
 2021/06/23,17.83,6930568,74055,66592,53.34,56.54,-1.7,-1.38,13.93,25.46,-3.52,0.85,17.44
 2021/06/24,17.33,10437796,87369,72901,52.52,54.24,-2.42,-1.47,10.46,22.16,-7.54,1.28,15
 2021/06/25,17.64,6848551,88534,72902,50.8,54.21,-1.94,-1.71,24.46,28.44,2.55,0.84,16.77
 2021/06/28,17.39,7124951,78347,74868,51.22,50.06,-2.04,-1.91,21.24,26.56,1.54,0.88,17.92
 2021/06/29,17.36,4304635,71293,72154,51.08,52.5,-1.81,-1.96,20.85,26.33,1.41,0.53,20.34
 2021/06/30,17.48,3144301,63720,68888,54.32,54.57,-1.93,-1.97,27.33,28.99,5.88,0.39,20.84
 2021/07/01,17.82,10943334,64732,76050,44.11,46.44,-1.78,-1.99,43.15,36.14,25.85,1.35,26.02
 2021/07/02,17.26,7268616,65572,77053,42.24,46.72,-2.41,-1.99,30.17,30.61,13,0.89,28.54
 2021/07/05,17.21,6128647,63579,70963,40.99,45.94,-2.41,-2.06,29.23,30.16,14.96,0.75,29.39
 2021/07/06,17.58,7127359,69225,70259,45.37,53.45,-1.61,-1.99,44.59,37.57,39.91,0.88,30.29
 2021/07/07,17.69,6502469,75941,69831,54.6,57.71,-0.49,-1.77,48.57,39.64,58.88,0.8,35.04
 2021/07/08,17.18,8122190,70299,67515,52.45,55.3,-0.73,-1.57,34.7,33.93,33.91,1,37.06
 2021/07/09,17.19,4437263,64636,65104,56.27,60.37,-0.64,-1.38,35.13,34.14,21.73,0.55,35.29
 2021/07/12,17.08,7070785,66520,65050,57.85,60.81,-0.25,-1.02,32.29,32.92,8.49,0.87,31.82
 2021/07/13,17.14,5627145,63520,66372,59.26,62.25,-0.5,-0.7,35.7,34.31,19.95,0.69,32.06
 2021/07/14,16.8,6630235,63775,69858,56.7,59.9,-0.59,-0.53,26.59,30.42,10.77,0.81,30.17
 2021/07/15,16.72,6908677,61348,65823,54.17,57.51,-0.64,-0.56,24.81,29.56,20.72,0.85,28.48
 2021/07/16,16.53,4930615,62335,63485,54.38,59.79,-0.95,-0.59,20.82,27.54,14.99,0.61,25.03
 2021/07/19,16.04,8545896,65285,65903,52.17,57.45,-1.78,-0.78,13.91,23.1,6.35,1.05,21.47
 2021/07/20,16.17,4587607,63206,63363,49.42,58.28,-1.09,-0.92,22.14,26.53,9.15,0.56,20.22
 2021/07/21,16.55,7565580,65077,64426,55.91,63.66,-0.66,-0.95,41.69,35.67,32,0.93,24.83
 2021/07/22,16.7,7565572,66391,63869,53.23,68.63,-0.88,-1,47.89,38.94,50.97,0.93,33.24
 2021/07/23,16.87,7284951,71099,66717,60,70.69,-0.82,-1.03,54.48,42.56,72.88,0.9,41.63
 2021/07/26,16.09,9856218,73720,69502,57.73,68.24,-1.09,-1.05,32.13,32.83,37.87,1.21,40.07
 2021/07/27,16.1,7954216,80453,71830,70.82,74.34,-1.09,-0.94,32.55,33.05,22.01,0.98,36.93
 2021/07/28,15.53,8171718,81665,73371,62.44,67.23,-1.55,-1.01,22.78,27.58,15.59,1,29.27
 2021/07/29,15.61,7438704,81412,73901,64.71,69.27,-1.53,-1.16,26.5,29.37,16.26,0.91,27.64
 2021/07/30,15.55,5754245,78350,74725,67.55,74.97,-1.25,-1.22,25.4,28.79,15.59,0.71,25.6
 2021/08/02,17.09,24110044,106858,90289,78.71,87.63,0.37,-1.02,67.26,54.19,77.74,2.96,38.43
 2021/08/03,17.22,19191796,129333,104893,83.44,92.9,0.69,-0.73,69.02,55.65,100.32,2.36,50.96
 2021/08/04,17.1,11649993,136290,108977,81.61,92.81,1.06,-0.37,65.14,53.92,105.23,1.43,62.87
 2021/08/05,17.37,14989592,151391,116401,84.8,101.2,1.2,0.09,69.74,57.18,108.42,1.84,64.04
 2021/08/06,17.47,9040114,157963,118157,75.67,94.33,0.92,0.5,71.41,58.37,110.68,1.11,65.11
 2021/08/09,18.46,20636794,151017,128937,96.35,120.22,1.76,1,82.75,67.98,107.35,2.54,71.1
 2021/08/10,18.5,12089302,136812,133072,94.12,115.2,1.63,1.21,83.08,68.31,104.74,1.49,75.77
 2021/08/11,18.29,12039613,137591,136940,88.72,109.79,2.2,1.46,74.25,64.58,97.67,1.48,77.91
 2021/08/12,17.94,10668685,128949,140170,84.62,103.38,1.84,1.59,61.24,58.75,85.89,1.31,72.97
 2021/08/13,18.4,12073281,135015,146489,94.59,116.03,2.87,1.87,69.63,63.48,81.28,1.48,70.03
 2021/08/16,18.39,10627415,114997,133007,98.7,113.35,2.78,2.18,69.24,63.31,78.5,1.31,68.98
 2021/08/17,18.4,12876828,116572,126692,99.19,118.89,2.85,2.36,69.45,63.41,77.54,1.58,71.06
 2021/08/18,18.64,14882205,122257,129924,104,124.02,1.55,2.35,74.39,66.03,85.26,1.83,72.22
 2021/08/19,18.28,9951844,120823,124886,101.5,120.26,1.06,2.16,57.62,59.11,69.43,1.22,69.74
 2021/08/20,18.84,15179670,127036,131026,115.12,138.18,1.74,2.14,70.17,65.29,71.43,1.87,70.12
 2021/08/23,19.01,13667496,133116,124056,117.8,141.39,1.64,1.94,73.07,66.94,79.16,1.68,70.03
 2021/08/24,18.59,12676058,132715,124643,117.52,140.89,1.12,1.66,56.7,59.32,60.28,1.56,69.68
 2021/08/25,18.79,8437782,119826,121041,116.71,139.48,0.33,1.24,61.62,61.59,62.13,1.04,67.52
 2021/08/26,18.68,6600063,113122,116973,104.66,126.36,0.18,1.01,57.32,59.6,50.59,0.81,63.57
 2021/08/27,18.68,6633944,96031,111533,104.39,126.13,0.39,0.9,57.32,59.6,45.59,0.82,63.61
 2021/08/30,18.37,9571399,87838,110477,96.22,117.01,0.43,0.68,44.69,53.75,23.26,1.18,59.49
 2021/08/31,19.09,15055997,92598,112656,115.06,142.08,0.69,0.52,65.74,62.96,61.81,1.85,61
 2021/09/01,20.12,28269326,132261,126044,131.52,165.57,1.73,0.63,79.28,71.73,71.1,3.47,66.43
 2021/09/02,20.13,23255804,165573,139348,148.55,178.16,1.73,0.86,79.37,71.81,74.84,2.86,74.97
 2021/09/03,20.13,14661679,181628,138830,141.06,175.14,1.49,1.08,79.37,71.81,76.25,1.8,78.92
 2021/09/06,20.86,21933528,206353,147096,164.13,201,2.58,1.44,86.08,76.84,78.81,2.7,81.07
 2021/09/07,21.1,15820785,207882,150240,158.49,195.61,2.26,1.75,87.66,78.24,84.89,1.94,83.73
 2021/09/08,20.7,12257185,175858,154060,151.6,188.67,1.69,1.91,71.42,70.52,78.47,1.51,82.41
 2021/09/09,22.33,32880756,195108,180340,170.16,214.35,3.74,2.25,85.01,79.51,96.04,4.04,82.73
 2021/09/10,23.71,60514848,286814,234221,197.72,225.53,4.92,2.78,89.89,84.01,94.9,7.44,84.08
 2021/09/13,26.08,70502856,383953,295153,236.2,247.47,7.4,3.76,93.95,88.67,103.96,8.67,90.83
 2021/09/14,25.31,42204944,436721,322302,196.9,219.63,6.63,4.44,81.23,80.37,92.16,5.19,90.07
 2021/09/15,23.91,37347188,486901,331380,170.78,181.05,5.54,4.99,62.71,67.77,70.42,4.59,82.16
 2021/09/16,24.02,33428636,487997,341552,185.79,185.36,4.93,5.53,63.49,68.2,58.87,4.11,73.05
 2021/09/17,24.7,26548944,420065,353440,209.03,189.4,4.58,5.67,68.42,70.81,60.63,3.26,68.85
 2021/09/22,25.2,21171844,321403,352678,206.62,184.56,5.07,5.69,71.79,72.61,68.33,2.6,71
 2021/09/23,24.58,37769440,312532,374627,193.1,172.7,4.45,5.2,61.97,67.01,65.13,4.64,70.4
 2021/09/24,22.12,31499860,300837,393869,158.84,141.6,1.26,4.31,37.53,50.25,12.09,3.87,61.35
 2021/09/27,19.96,39195828,312372,400184,135.44,120.21,-1.14,3.19,26.51,40.53,-12.25,4.82,47.64
 2021/09/28,19.99,15941825,291158,355611,141.14,124.45,-0.71,2.25,26.87,40.71,-18.99,1.96,36.58
 2021/09/29,18.64,33247636,315309,318356,122.55,110.87,-3.69,0.87,21.28,35.6,-19.34,4.09,30.81
 2021/09/30,18.93,15471322,270713,291623,125.05,111.12,-4.78,-0.77,25.29,37.44,-14.08,1.9,29.81
 2021/10/08,19.04,13555256,234824,267831,130.33,111.23,-7.04,-2.68,26.98,38.17,-8.24,1.67,29.08
 2021/10/11,18.89,13964710,184362,248367,132.28,111.43,-6.42,-3.96,26.01,37.52,-5.16,1.72,30.07
 2021/10/12,18.64,15174637,182827,236992,128.37,110.53,-5.27,-4.65,24.28,36.39,-2.05,1.87,29.67
 2021/10/13,18.24,18449972,153232,234271,121.74,107.21,-5.78,-5.5,21.52,34.57,1.1,2.27,28.13
 2021/10/14,18.16,10174277,142638,206675,122.28,108.6,-6.54,-5.97,20.95,34.2,5.95,1.25,26.7
 2021/10/15,18,8666121,132859,183842,116.32,101.85,-7.2,-6.38,19.7,33.42,9.53,1.07,25.4
 2021/10/18,18.04,9661371,124253,154307,104.13,92.34,-6.54,-6.29,21.11,33.83,16.04,1.19,25.12
 2021/10/19,17.81,13643600,121191,152009,100.47,90.53,-4.31,-5.94,18.82,32.56,12.82,1.68,24.41
 2021/10/20,17.55,10135379,104562,128897,100.12,88.99,-2.41,-5.46,16.41,31.12,5.87,1.25,23.39
 2021/10/21,17.66,13336852,110887,126762,93.17,80.37,-2.33,-4.89,21.52,32.5,6.58,1.64,22.93
 2021/10/22,17.76,24155048,141864,137362,94.02,81.86,-0.88,-3.94,26.43,33.81,15.53,2.97,23.79
 2021/10/25,17.55,13672976,149888,137070,89.56,80.47,-1.38,-2.98,22.83,32.37,36.94,1.68,24.61
 2021/10/26,17.4,11007779,144616,132903,81.48,70.44,-1.64,-2.16,20.44,31.33,44.16,1.35,24.14
 2021/10/27,16.73,12655552,149656,127109,65.66,60.27,-2.16,-1.8,13.1,27.07,20.17,1.56,20.9
 2021/10/28,16.89,13560607,150104,130495,55.61,53.18,-1.75,-1.69,21.21,29.56,14.53,1.67,19.82
 2021/10/29,17.4,12070697,125935,133900,59.88,49.74,-0.84,-1.44,41.93,37.04,33.61,1.48,23.48
 2021/11/01,17.75,12500021,123589,136739,67.67,56.03,-0.41,-1.36,52.27,41.67,57.83,1.54,31.71
 2021/11/02,17.01,12247397,126069,135342,55.85,49.22,-0.99,-1.3,36.01,35.63,37.2,1.51,35.34
 2021/11/03,17.44,8879983,118517,134087,50.6,48.21,-0.6,-1.13,47.42,41.05,44.41,1.09,37.66
 2021/11/04,17.44,6795300,104987,127545,45.9,43.9,-0.37,-0.83,47.42,41.05,67.32,0.84,37.43
 2021/11/05,17,9194800,99235,112585,40.39,40.28,-0.55,-0.63,37.55,37.23,47.61,1.13,38.34
 2021/11/08,17.13,5599218,85433,104511,47.98,46.74,-0.53,-0.57,41.84,39.06,46.61,0.69,37.32
 2021/11/09,17.44,7582809,76104,101086,61.51,60.2,-0.32,-0.56,51.39,43.35,64.87,0.93,38.65
 2021/11/10,17.05,10085570,78515,98516,54.36,54.42,-0.5,-0.48,41.18,39.53,41.74,1.24,39.92
 2021/11/11,18.09,24750884,114427,109707,79.1,73.64,0.69,-0.26,64.05,51.87,75.23,3.04,46.59
 2021/11/12,17.55,16966156,129969,114602,70.24,67.79,0.82,-0.06,51.56,46.49,63.74,2.09,48.05
 2021/11/15,17.4,8621836,136015,110724,64.79,70.45,0.51,0.11,48.41,45.08,47.54,1.06,50.83
 2021/11/16,17.17,8008581,136866,106485,59.75,68.96,-0.23,0.16,43.52,42.89,27.04,0.98,46.06
 2021/11/17,17.24,6001993,128699,103607,65.24,70.61,-0.51,0.13,45.53,43.8,21.05,0.74,44.64
 2021/11/18,17.21,7805987,94809,104618,74.53,77.27,0.2,0.25,44.71,43.48,17.41,0.96,43.79
 2021/11/19,17.34,8293636,77464,103717,79.64,82.07,-0.1,0.11,49.44,45.37,23.46,1.02,45.12
 2021/11/22,17.19,7058388,74337,105176,79.3,81.47,-0.25,-0.06,44.21,43.53,19.3,0.87,44.95
 2021/11/23,17.3,8005827,74332,105599,85.66,87.54,0.3,-0.1,48.96,45.31,16.17,0.98,45.93
 2021/11/24,17.5,11632178,85592,107145,92.46,94.96,0.37,0,56.95,48.52,39.2,1.43,47.64
 2021/11/25,17.8,13299349,96579,95694,100.29,103.21,0.36,0.15,66.42,53.02,83.69,1.63,52.78
 2021/11/26,17.5,11898482,103788,90626,93.24,100,0.45,0.19,52.55,48.4,73.1,1.46,54.29
 2021/11/29,17.15,7848753,105369,89853,78.26,86.34,-0.94,0.05,40.66,43.57,36.02,0.96,51.37
 2021/11/30,17.37,10387584,110133,92232,98.79,101.79,-0.18,0.06,49.31,47.18,36.39,1.28,47.99
 2021/12/01,17.74,11584748,110038,97815,105.21,107.41,0.34,0.07,60.83,52.74,69.22,1.42,50.2
 2021/12/02,19.51,55885904,195211,145895,148.42,140.07,2.34,0.4,83.01,69.5,99.96,6.87,62.79
 2021/12/03,19.66,51955496,275325,189557,130.41,139.93,2.42,0.74,83.93,70.46,108.66,6.39,73.81
 2021/12/06,19.76,35296624,330221,217795,130.88,137.71,2.55,1.09,84.6,71.13,100.18,4.34,82.17
 2021/12/07,20.16,30801908,371049,240591,139.03,135.35,2.82,1.72,87.17,73.72,99.3,3.79,83.86
 2021/12/08,19.99,22063832,392008,251023,144.93,145.44,2.8,2.21,80.34,70.78,93.84,2.71,83.55
 2021/12/09,20.14,19616692,319469,257340,146.81,153.47,2.84,2.63,81.84,71.86,93.3,2.41,83.42
 2021/12/10,19.63,14069533,243697,259511,136.9,154.26,2.13,2.59,62.34,63.19,80.63,1.73,77.54
 2021/12/13,19.69,27000078,227104,278662,160.89,156.59,1.89,2.51,63.56,63.75,74.18,3.32,73.54
 2021/12/14,19.26,12937698,191376,281213,147.62,150,1.76,2.37,49.66,56.96,57.25,1.59,65.46
 2021/12/15,19.58,18219392,183687,287847,154.08,149.76,2.43,2.31,57.89,60.39,37.53,2.24,63.83
 2021/12/16,19.95,11170561,166795,243132,174.38,174.96,2.58,2.27,65.67,64,41.36,1.37,63.7
 2021/12/17,20.48,20004194,178664,211181,162.62,163.11,2.74,2.26,73.95,68.49,65.52,2.46,69.31
 2021/12/20,20.09,12847114,150358,188731,164.07,158.39,0.58,2,60.97,62.26,59.99,1.58,69.9
 2021/12/21,21.06,21310318,167103,179239,200.52,191.8,1.4,1.91,74.39,69.73,75.17,2.62,72.2
 2021/12/22,21.01,13818192,158301,170994,186.6,186.66,1.25,1.83,72.84,68.96,80.97,1.7,71.98
 2021/12/23,20.83,10014293,155988,161391,177.07,186.31,0.67,1.54,66.83,66.1,77.51,1.23,73.56
 2021/12/24,20.53,9707108,135394,157029,163.34,167.13,0.54,1.2,57.36,61.47,65.61,1.19,69.27
 2021/12/27,20.1,12489132,134678,142518,157.2,158.22,-0.04,0.73,46.12,55.4,41.28,1.54,62.29
 2021/12/28,20.25,9244973,110547,138825,168.93,167.66,0.62,0.74,50.2,57.01,31.88,1.14,57.63
 2021/12/29,20.07,6376914,95665,126983,161.82,162.26,0.38,0.57,45.26,54.43,11.71,0.78,54.07
 2021/12/30,20.16,9927415,95491,125740,167.61,165.94,0.9,0.51,48.32,55.53,2,1.22,54.18
 2021/12/31,20.07,7634772,91346,113370,158.34,162.03,0.49,0.48,45.29,54.11,-1.09,0.94,52.71
 2022/01/04,20.42,11318561,89005,111842,170.13,172.51,0.47,0.47,57.67,58.61,26.69,1.39,54.96
 2022/01/05,20.92,17337326,105190,107869,188.27,184.32,0.44,0.55,69.51,64.09,60.54,2.13,59.43
 2022/01/06,22.65,43254268,178945,137305,210.25,196.43,2.56,0.87,85.89,76.07,88.31,5.32,70.04
 2022/01/07,22.76,27905306,214900,155196,207.6,204.35,1.7,1.09,86.44,76.61,100.16,3.43,78.46
 2022/01/10,22.72,15924425,231480,161413,192.85,196.74,1.71,1.23,84.98,75.93,96.25,1.96,83.71
 2022/01/11,22.7,12167808,233178,161092,207.65,187.72,1.87,1.46,84.13,75.56,92.06,1.5,83.38
 2022/01/12,20.83,25184882,248873,177032,154.56,148.98,0.3,1.43,39.58,50.64,49.47,3.1,70.56
 2022/01/13,19.66,25369140,213103,196024,125.7,130.27,-0.44,1.28,28.32,41.33,8.9,3.12,54.07
 2022/01/14,18.92,15498073,188289,201595,124.92,128.68,-1.33,0.63,23.29,36.68,-11.46,1.9,35.87
 2022/01/17,19.03,13707677,183855,207667,119.11,125.35,-1.04,0.18,25.64,37.82,-14.22,1.68,30.53
 2022/01/18,19.88,23672164,206864,220021,139.24,141.17,-0.28,-0.15,42.12,45.98,0.55,2.91,33.27
 2022/01/19,21.65,39876788,236248,242561,151.33,165.68,1.58,-0.2,62.75,58.38,38.21,4.9,43.73
 2022/01/20,20.96,23879216,233268,223185,145.73,161.18,0.54,-0.16,53.78,53.19,46.38,2.93,51.25
 2022/01/21,20.4,12979173,228230,208259,133.72,148.43,-0.52,-0.18,47.21,49.31,43.44,1.6,52.94
 2022/01/24,21.02,16138318,233091,208473,139.03,142.02,-1.63,-0.23,54.58,53.41,55.86,1.98,50.75
 2022/01/25,20.54,12966586,211680,209272,129.45,135.95,-2.22,-0.42,48.32,49.99,63.02,1.59,49.36
 2022/01/26,20.87,13705247,159337,197792,133.36,142.1,-1.85,-0.68,52.79,52.28,73.88,1.68,50.82
 2022/01/27,20.07,8371310,128321,180795,111.99,121.87,-2.63,-1.38,42.17,46.63,58.37,1.03,47.71
 2022/01/28,19.78,8646883,119657,173943,116.73,120,-1.05,-1.65,38.78,44.72,39.91,1.06,45.3
 2022/02/07,21.76,24139184,135658,184375,139.18,132.96,2.1,-1.21,63.1,57.65,81.69,2.97,47.97
 2022/02/08,22.09,29223616,168172,189926,144.14,134.59,3.17,-0.41,65.82,59.38,93.22,3.59,54.05
 2022/02/09,21.9,19748492,180259,169798,147.43,138.77,2.87,0.44,62.63,57.9,92.4,2.43,60.29
 2022/02/10,22.41,20808408,205133,166727,147,138.76,2.53,1.16,67.67,60.77,99.76,2.56,61.7
 2022/02/11,22.54,24661604,237163,178410,148.41,135.68,0.89,1.75,68.95,61.5,100.81,3.03,62.67
 2022/02/14,21.85,16539991,221964,178811,135.84,130.33,0.89,2.08,55.06,55.52,83.71,2.03,61.36
 2022/02/15,22.3,15793659,195104,181638,146.17,131.78,1.9,2.04,61.18,58.4,84.99,1.94,60.12
 2022/02/16,22.63,14473109,184554,182406,148.2,131.11,1.61,1.78,65.34,60.44,91.3,1.78,59.53
 2022/02/17,22.64,17922008,178781,191957,144.49,129.07,2.1,1.65,65.47,60.51,84.3,2.2,61.96
 2022/02/18,22.9,15430402,160318,198740,124.25,118.1,2.03,1.57,69.2,62.25,83.85,1.9,63.85
 2022/02/21,22.7,13143965,153526,187745,117.8,107.96,2.63,1.86,62.93,60.03,69.4,1.62,63.57
 2022/02/22,22.2,10106566,142152,168628,106.75,100.84,2.42,2.11,49.48,54.71,39.2,1.24,60.47
 2022/02/23,22.34,9301772,131809,158181,103.78,101.69,0.58,1.89,52.87,55.9,29.72,1.14,57.14
 2022/02/24,21.37,16348455,128662,153722,106.92,108.44,-0.72,1.51,33.95,46.62,10.08,2.01,50.27
 2022/02/25,21.15,9655969,117113,138716,118.97,117.98,-0.75,1.03,30.94,44.78,-4.9,1.19,45.28
 2022/02/28,21.3,8618231,108062,130794,127.88,124.59,-1.11,0.51,35.62,46.35,-5.09,1.06,40.54
 2022/03/01,21.96,17288732,122426,132289,134.98,132.54,-0.58,-0.03,52.57,52.81,18.69,2.12,43.97
 2022/03/02,21.76,9167876,122159,126984,123.47,118.44,-0.09,-0.45,47.97,50.79,28.64,1.13,47.26
 2022/03/03,21.85,10638473,110739,119700,108.37,104.37,-0.45,-0.62,50.32,51.7,37.49,1.31,50.18
 2022/03/04,21.58,9454368,110335,113724,110.37,105.27,-1.05,-0.67,43.29,48.76,40.26,1.16,48.08
 2022/03/07,22.17,23491204,140081,124072,119.73,118.89,-0.47,-0.63,58.49,54.88,70.05,2.89,50.33
 2022/03/08,21.65,13756344,133017,127721,102.1,111.78,-1.25,-0.65,45.57,49.22,58.83,1.69,49.14
 2022/03/09,21.17,18797488,152276,137217,92.72,97.57,-1.53,-0.81,36.62,44.59,51.38,2.31,47.16
 2022/03/10,21.49,15777262,162553,136646,100.9,100.43,-0.71,-0.91,45.23,48.14,57.51,1.94,43.8
 2022/03/11,21.56,9703562,163052,136694,102.38,102.62,-0.78,-0.97,47.11,48.92,62.43,1.19,43.81
 2022/03/14,21.5,14582673,145235,142658,106.36,113.62,0.13,-0.77,45.5,48.24,62.41,1.79,45.79
 2022/03/15,19.35,26031042,169784,151400,76.44,89.02,-1.8,-0.99,18.42,31.28,17.17,3.2,37.82
 2022/03/16,19.82,22521896,177233,164754,73.08,83.5,-1.48,-1.03,29.44,36.6,24.15,2.77,32.23
 2022/03/17,20.13,14723141,175125,168839,77.22,85.09,-1.83,-1.08,36.25,39.94,34.29,1.81,28.74
 2022/03/18,20.83,12949738,181617,172334,79.05,89.88,-0.93,-1.12,49.47,46.84,55.06,1.59,36.81
 2022/03/21,20.3,11048795,174549,159892,75.1,87.99,-1.55,-1.24,41.63,42.78,55.21,1.36,40.12
 2022/03/22,20.16,10799302,144086,156935,75.43,86.91,-1.42,-1.5,39.64,41.74,52.16,1.33,41.18
 2022/03/23,20.29,8213217,115468,146351,70.05,82.93,-1.88,-1.51,42.69,43.14,52.76,1.01,39.45
 2022/03/24,19.86,7453902,100930,138027,62.86,77.14,-1.79,-1.57,35.55,39.69,44.64,0.92,37.98
 2022/03/25,19.63,6227871,87486,134552,60.77,75.22,-1.54,-1.52,32.1,37.92,42.81,0.77,36.16
 2022/03/28,19.84,8863730,83116,128833,61.35,76.44,-1.65,-1.64,38.62,40.56,51.89,1.09,35.02
 2022/03/29,19.62,5755596,73029,108557,61.97,78.43,-1.94,-1.7,34.46,38.68,33.98,0.71,34.64
 2022/03/30,20.85,17364326,91331,103400,73.33,90.15,-0.65,-1.57,61.96,52.2,71.47,2.13,42.11
 2022/03/31,21.85,25672652,127768,114349,80.43,102.4,2.5,-0.84,73.01,60.02,95.12,3.16,51.85
 2022/04/01,21.77,10845272,137003,112245,86.81,112.32,1.95,-0.22,71.03,59.17,103.34,1.33,62.09
 2022/04/06,22.3,16078286,151432,117274,89.37,117.11,2.17,0.4,76.17,62.94,107.3,1.98,67.08
 2022/04/07,22.45,20174828,180271,126650,94.21,120.43,1.62,0.94,77.52,63.97,97.29,2.48,68.84
 2022/04/08,22.73,12136389,169815,130573,91.09,112.02,2.43,1.67,80.06,65.89,96.01,1.49,71.92
 2022/04/11,22.17,10790900,140051,133910,86.4,112.1,2.01,2.11,62.99,59.01,84.12,1.33,69.59
 2022/04/12,21.86,10120408,138602,137802,81.09,107.38,1.57,1.96,55.18,55.51,69.49,1.24,64.95
 2022/04/13,21.09,10016618,126478,138955,79.99,104.83,1.23,1.84,40.28,47.83,46.03,1.23,55.52
 2022/04/14,21.51,11669640,109468,144869,76.43,95.75,1.88,1.79,49.25,51.8,29.06,1.43,51.8
 2022/04/15,21.79,10578167,106351,138083,85.33,103.8,1.95,1.85,54.69,54.33,29.73,1.3,51.19
 2022/04/18,21.51,7084250,98938,119495,90.74,115.51,1.89,1.76,48.45,51.39,23.57,0.87,52.97
 2022/04/19,21.42,8825052,96347,117475,79.58,106.54,0.57,1.51,46.41,50.43,19.36,1.08,52.24
 2022/04/20,20.33,12949438,102213,114346,76.98,97.52,-1.52,1,28.79,40.47,1.03,1.59,45.31
 2022/04/21,19.52,7556870,93988,101728,69.64,87.03,-2.25,0.42,21.51,34.89,-11.53,0.93,37.33
 2022/04/22,20.28,9306602,91444,98898,86.03,100.58,-2.02,-0.23,38.91,42.95,10.92,1.14,34.02
 2022/04/25,19.02,10765297,98807,98872,80.65,104.57,-3.43,-1.13,27,35.09,-3.53,1.32,32.06
 2022/04/26,18.98,8614636,98386,97367,78.89,105.24,-3.75,-2.07,26.69,34.87,-8.12,1.06,32.55
 2022/04/27,20.37,18217884,108923,105568,86.53,107.16,-1.8,-2.46,50.48,47.42,23.95,2.24,35.1
 2022/04/28,20.89,14134967,122079,108033,91.42,116.34,-0.97,-2.37,56.78,51.25,57.2,1.74,43.05
 2022/04/29,20.83,11064323,125594,108519,92.4,118.21,-0.26,-2.04,55.8,50.78,77.13,1.36,50.86
 2022/05/05,21.4,13247690,130559,114683,98.18,127.81,-0.11,-1.72,63.08,55.02,102.1,1.63,54.48
 2022/05/06,20.68,7698573,128727,113556,96.14,133.15,-1.11,-1.33,50.48,49.19,92.26,0.95,53.36
 2022/05/09,20.74,7421000,107133,108028,103.21,138.22,-0.77,-0.84,51.45,49.67,84.15,0.91,52.71
 2022/05/10,21.04,9251950,97367,109723,100.93,126.76,-0.38,-0.6,56.55,52.16,86.96,1.14,51.28
 2022/05/11,20.78,9643771,94526,110060,101.39,126.04,0.45,-0.36,50.98,49.83,79.79,1.19,51.55
 2022/05/12,20.06,9745319,87521,109040,86.38,108.54,0.54,-0.23,38.39,43.9,48.66,1.2,48.62
 2022/05/13,20.35,7987185,88098,108413,82.84,101.69,0.07,-0.2,44.96,46.69,28.13,0.98,45.88
 2022/05/16,20.07,9937103,93131,100132,84.94,95.48,1.05,0.16,40.02,44.37,5.37,1.22,43.17
 2022/05/17,20.15,10455653,95538,96453,78.33,90.65,1.17,0.48,42.2,45.21,13.41,1.29,43.88
 2022/05/18,19.83,5654403,87559,91043,69.9,84.66,-0.54,0.46,35.93,42.39,8.07,0.69,41.72
 2022/05/19,19.99,6363990,80797,84159,67.09,86.94,-0.9,0.23,41.17,44.29,12.32,0.78,41.75
 2022/05/20,20.19,6024349,76871,82485,72.62,88.6,-0.64,0.03,47.6,46.68,28.4,0.74,42.61
 2022/05/23,19.96,6645797,70288,81710,74.32,88.58,-1.44,-0.22,41.36,44.29,27.34,0.82,43.65
 2022/05/24,19.51,7753130,64883,80211,78.63,87.99,-1.17,-0.59,31.63,39.93,9.8,0.95,41.42
 2022/05/25,19.88,4298980,62172,74866,78.62,89.4,-0.86,-0.93,44.51,44.81,27.03,0.53,40.54
 2022/05/26,20.11,10912058,71269,76033,77.38,86.08,-0.93,-0.99,51.35,47.69,49.43,1.34,42.47
 2022/05/27,19.86,7284115,73788,75330,78.58,83.3,-0.92,-0.99,44.24,44.91,58.73,0.9,45.18
 2022/05/30,16,8787962,78072,74180,58.01,81.42,-4.06,-1.56,12.41,22.67,34.54,0.9,35.2
 2022/05/31,15.56,16733513,96033,80458,59.58,88.49,-4.79,-2.12,11.3,21.35,15.57,1.72,23.21
 2022/06/01,15.42,12115644,111667,86920,61.71,90.49,-4.65,-2.7,10.92,20.93,4.52,1.24,12.56
 2022/06/02,14.92,21050404,131943,101606,54.3,83.32,-5.23,-3.43,9.57,19.44,-3.67,2.16,11.4
 2022/06/06,15.23,31481532,180338,127063,59.64,89,-4.6,-4.04,17.21,23.15,1.85,3.23,12.6
 2022/06/07,15.12,11485309,185733,131903,55.18,82.71,-4.87,-4.7,16.62,22.74,4.19,1.18,13.8
 2022/06/08,15.02,12599162,177464,136749,42.4,69.07,-5.17,-4.88,16.01,22.35,4.78,1.29,15.37
 2022/06/09,14.9,8983477,171200,141433,39.46,62.61,-5.06,-4.93,15.21,21.87,4.19,0.92,14.83
 2022/06/10,14.9,9445927,147991,139967,39.22,61.26,-4.61,-4.92,15.21,21.87,21.74,0.97,14.46
 2022/06/13,14.62,19352416,123733,152035,33.11,52.65,-5.26,-4.93,13.02,20.61,19.22,1.98,13.7
 2022/06/14,14.73,12408500,125579,155656,35.67,51.93,-5.38,-5.06,18.54,22.51,29.72,1.27,14.2
 2022/06/15,15.1,21775240,143931,160698,33.05,46.93,-4.76,-5.04,35.16,28.77,64.31,2.23,18.14
 2022/06/16,14.97,11619926,149204,160202,33.36,48.53,-1.03,-4.35,32.37,27.91,74.9,1.19,22.19
 2022/06/17,14.95,9522660,149357,148674,32.65,50.8,-0.61,-3.61,31.91,27.77,76.67,0.98,25.11
 2022/06/20,15.09,10593140,131839,127786,36.95,54.88,-0.33,-2.9,39.26,30.43,86.92,1.09,26.09
 2022/06/21,15.14,11330933,129684,127631,34.06,50.54,0.22,-1.98,41.95,31.42,94.19,1.16,28.06
 2022/06/22,14.77,9476999,105087,124509,32.1,51.49,-0.46,-1.16,30.12,28.2,66.23,0.97,28.34
 2022/06/23,14.95,8013695,97875,123539,33.39,53.32,-0.17,-0.4,40,31.9,65.57,0.82,29.22
 2022/06/24,14.91,7709868,94249,121803,35.2,53.66,-0.11,-0.24,38.54,31.51,60.09,0.79,29.33
 2022/06/27,15,8971379,91006,111422,35.59,48.55,0.1,-0.12,44.03,33.53,57.04,0.92,32.33
 2022/06/28,15.07,9458620,87261,108472,33.89,47.37,0.17,-0.04,48.34,35.15,63.59,0.97,34.18
 2022/06/29,15.15,17458768,103225,104156,37.05,54.12,0.53,0.01,53.27,37.06,70.06,1.79,37.34
 2022/06/30,15.78,26843880,140885,119380,44.32,71.23,1.05,0.26,75.43,49.79,82.92,2.75,46.22
 2022/07/01,15.68,14038765,153543,123896,42.58,71.38,0.58,0.39,69.18,48.11,83.15,1.44,53.16
 2022/07/04,15.81,11355627,158311,124659,41.47,72.39,0.84,0.55,72.71,50.48,89.48,1.16,60.24
 2022/07/05,15.5,12917848,165230,126245,41.33,73.48,0.55,0.62,54.77,45.11,74.89,1.32,57.21
 2022/07/06,14.98,12625428,155563,129394,68.3,75.99,-0.11,0.57,36.6,37.76,28.41,1.29,51.01
 2022/07/07,14.9,8677738,119231,130058,75.08,79.24,-0.24,0.44,34.48,36.75,0.92,0.89,43.01
 2022/07/08,14.94,6155919,103465,128504,81.87,87.45,0.17,0.3,36.68,37.66,-9.87,0.63,38.75
 2022/07/11,14.9,7252880,95260,126785,92.45,93.79,-0.05,0.19,35.26,37.08,-9.54,0.74,38.36
 2022/07/12,15.35,14480485,98385,131807,103.7,100.83,0.44,0.13,57.45,47.07,20.31,1.48,43.91
 2022/07/13,15.19,8878998,90892,123228,104.26,98.19,0.19,0.07,50.12,44.34,28.35,0.91,47.38
 2022/07/14,15.16,14106775,101750,110490,105.99,102.4,0.09,0.1,48.72,43.82,31.33,1.45,50.88
 2022/07/15,15,11838187,113115,108290,101.9,98.85,-0.15,0.11,41.34,41.02,26.82,1.21,47.38
 2022/07/18,15.17,8706939,116023,105641,110.57,106.67,-0.61,-0.01,50.84,45.08,50.83,0.89,47.66
 2022/07/19,15,7047502,101157,99771,119,112.27,-0.68,-0.12,42.57,41.93,45.99,0.72,46.42
 2022/07/20,14.92,7328126,98055,94474,120.3,108.59,-0.89,-0.34,38.98,40.48,35.26,0.75,45.97
 2022/07/21,14.65,8761418,87364,94557,101.62,98.2,-0.85,-0.52,29.08,35.9,7.41,0.9,40.76
 2022/07/22,14.58,6589355,76867,94991,98.8,98.59,-0.4,-0.6,26.95,34.78,5.21,0.68,36.75
 2022/07/25,14.58,3936309,67325,91674,102.05,95.02,-0.32,-0.63,26.95,34.78,5.23,0.4,33.58
 2022/07/26,14.68,5229476,63689,82423,99.19,96.17,-0.26,-0.57,36.52,38.05,13.57,0.54,34.84
 2022/07/27,14.69,4091907,57217,77636,97.54,97.73,-0.21,-0.49,37.5,38.39,23.28,0.42,36.9
 2022/07/28,14.79,4593453,48881,68123,107.11,106,-0.56,-0.43,47.29,41.84,37.28,0.47,40.93
 2022/07/29,14.76,5498106,46699,61783,108.16,103.79,-0.43,-0.36,44.76,41.08,44.26,0.56,42.64
 2022/08/01,14.6,4864773,48555,57940,102.41,100.66,-0.56,-0.39,33.37,37.19,35.25,0.5,41.88
 2022/08/02,13.9,9174128,56445,60067,84.28,88.34,-1.1,-0.52,14.28,25.61,16.39,0.94,33.04
 2022/08/03,13.65,8020131,64301,60759,83.98,87.55,-1.52,-0.73,11.47,22.84,2.14,0.82,23.37
 2022/08/04,13.71,6293485,67701,58291,84.57,77.55,-1.29,-0.91,16.22,24.97,-0.67,0.65,17.18
 2022/08/05,14.07,11004723,78714,62706,78.96,70.16,-0.85,-0.96,39.57,36.43,19.96,1.13,23.28
 2022/08/08,14.77,17719612,104424,76490,92.76,84.73,0.12,-0.87,63.38,51.99,71.61,1.82,38.27
 2022/08/09,14.78,12201806,110480,83462,86.74,83.15,0.2,-0.74,63.63,52.17,94.34,1.25,52.17
 2022/08/10,14.77,11227817,116895,90598,100.76,96.2,0.19,-0.52,63.12,51.95,92.13,1.15,59.77
 2022/08/11,14.8,7558516,119425,93563,114.93,111.54,0.12,-0.25,64.15,52.59,90.07,0.78,60.04
 2022/08/12,14.94,7842328,113100,95907,122.17,118.74,0.25,0.01,69,55.61,93.69,0.8,61.69
 2022/08/15,14.97,6742690,91146,97785,119.83,116.92,0.18,0.18,70.04,56.26,95.19,0.69,63.78
 2022/08/16,15.16,9357080,85457,97968,127.56,126.47,0.4,0.22,76.14,60.27,103.3,0.96,67.47
 2022/08/17,15.02,6368679,75739,96317,113.46,110.8,0.42,0.26,64.53,56.13,98.86,0.65,67.32
 2022/08/18,14.71,7121480,74865,97145,108.61,108.86,0.81,0.36,45.92,48.14,71.43,0.73,62.43
 2022/08/19,14.77,5833687,70847,91974,114.13,111.62,1.12,0.53,49.31,49.65,47.51,0.6,56.39
 2022/08/22,15.07,7857973,73078,82112,132.51,126.67,1.36,0.72,63.18,56.57,57.24,0.81,56.17
 2022/08/23,14.88,6425105,67214,76335,119.25,109.22,0.81,0.82,52.3,51.66,40.3,0.66,57.71
 2022/08/24,14.17,14286108,83049,79394,104.14,99.79,-0.6,0.65,29.52,38.17,7.43,1.46,51.63
 2022/08/25,14.96,14885880,98578,86721,122.67,115.96,0.18,0.61,55.44,53.05,45.73,1.53,49.24
 2022/08/26,14.65,9504200,105919,88383,122.25,110.14,-0.12,0.46,47.26,48.1,45.22,0.97,47.12
 2022/08/29,14.69,7082222,104367,88722,119.27,115.2,-0.11,0.25,48.43,48.77,48.72,0.73,52.15
 2022/08/30,14.56,4265616,100048,83631,117.95,113.97,-0.38,-0.04,44.55,46.63,43.62,0.44,49.01
 2022/08/31,14.62,5823917,83124,83086,116.8,114.99,-0.35,-0.23,46.91,47.78,45.67,0.6,48.84
 2022/09/01,14.55,7164761,67681,83129,119.4,115.62,-0.61,-0.23,44.27,46.5,41.91,0.73,47.7
 2022/09/02,14.18,8999880,66673,86296,111.13,107.56,-0.84,-0.4,32.64,40.27,14.33,0.92,44.52
 2022/09/05,14.64,9131649,70772,87569,117.82,118.93,-0.07,-0.39,51.61,49.46,39.6,0.94,45.33
 2022/09/06,14.82,9533537,81307,90678,126.47,131.47,0.05,-0.37,57.26,52.57,67.18,0.98,48.29
 2022/09/07,14.41,9109404,87878,85501,133.33,137.07,-0.66,-0.41,43.41,45.59,47.93,0.93,50.85
 2022/09/08,14.51,11002341,95554,81618,138.85,141.9,-0.37,-0.42,47.15,47.45,48.95,1.13,49.77
 2022/09/09,14.98,21492888,120540,93606,145.47,161.67,0.81,-0.18,61.51,55.27,76.91,2.2,50.95
 2022/09/13,14.86,13820757,129918,100345,135.45,155.97,-0.1,-0.06,56.78,53.07,76.25,1.42,54.49
 2022/09/14,14.62,8293855,127438,104373,116.25,138.6,-0.03,-0.05,47.94,48.83,59.17,0.85,54.98
 2022/09/15,14.64,10943711,131107,109493,121.47,136.38,-0.05,-0.07,48.74,49.2,51.45,1.12,51.91
 2022/09/16,13.98,16452834,142008,118781,100.99,112.94,-0.58,-0.05,30.33,39.05,14.4,1.69,45.01
 2022/09/19,13.59,9387881,117798,119169,92.05,101.3,-1.03,-0.16,23.92,34.47,-1.5,0.96,38.17
 2022/09/20,13.61,5172236,100501,115209,88.47,97.1,-0.94,-0.46,24.9,34.9,-6.74,0.53,31.36
 2022/09/21,13.6,4804449,93522,110480,84.22,92.03,-0.58,-0.54,24.71,34.78,-1.63,0.49,29.44
 2022/09/22,13.37,4618338,80871,105989,77.46,90.81,-1.27,-0.74,20.4,31.94,-6.51,0.47,28.28
 2022/09/23,13.34,3888594,55743,98876,80.23,94.74,-1.48,-0.98,19.86,31.57,-7.19,0.4,26.74
 2022/09/26,12.83,6986803,50941,84369,79.52,95.48,-1.58,-1.15,12.88,26.03,-7.89,0.72,22.78
 2022/09/27,12.91,9809348,60215,80358,76.15,91.54,-1.6,-1.24,18.29,28.18,6.15,1.01,21.3
 2022/09/28,12.5,4908342,60423,76973,67.65,82.98,-2.48,-1.5,13.24,24.23,1.66,0.5,18.27
 2022/09/29,12.2,7225503,65637,73254,72.16,83.78,-2.66,-1.84,10.66,21.79,-2.06,0.74,16.71
 2022/09/30,12.38,6926423,71713,63728,84.53,94.62,-2.24,-2.01,21.66,26.63,5.87,0.71,16.55
 2022/10/10,12.46,7458333,72656,61798,79.37,89.02,-2.18,-2.12,26.49,28.76,14.6,0.76,19.21
 2022/10/11,12.23,5338924,63715,61965,79.28,89.55,-1.75,-2.15,21.84,26.36,9.86,0.55,21.76
 2022/10/12,12.3,6338750,66576,63499,78.37,87.1,-1.29,-2.1,26.55,28.35,22.48,0.65,22.82
 2022/10/13,12.18,5324367,62774,64205,75.46,88.84,-1.43,-1.92,23.62,26.98,23.68,0.55,22.11
 2022/10/14,12.29,8252742,65426,68570,77.34,89.1,-1.31,-1.7,31.88,30.33,35.81,0.85,24.31
 2022/10/17,12.31,5863227,62236,67446,73.45,85.3,-1.06,-1.5,33.45,30.96,48.88,0.6,25.8
 2022/10/18,12.15,8660056,68878,66297,74.85,87.7,-1.19,-1.34,27.39,28.7,41.74,0.89,26.79
 2022/10/19,11.8,9873449,75948,71262,63.44,75.28,-1.03,-1.22,18.56,24.45,17.25,1.01,23.91
 2022/10/20,11.4,12113861,89527,76150,56.43,65.08,-1.51,-1.25,12.87,20.63,2.01,1.24,18.99
 2022/10/21,11.31,5968490,84958,75192,61.75,70,-1.19,-1.22,11.89,19.87,-2.5,0.61,14.9
 2022/10/24,11.04,7278325,87788,75012,56.94,64.35,-1.16,-1.19,9.32,17.73,-2.32,0.75,11.97
 2022/10/25,10.91,7233958,84936,76907,48.02,54.8,-1.47,-1.26,8.29,16.78,1.26,0.74,10.37
 2022/10/26,10.95,6441550,78072,77010,47.97,54.94,-1.51,-1.31,11.9,18.25,5.46,0.66,9.9
 2022/10/27,11.06,6020215,65885,77706,50,56.55,-1.17,-1.33,22.02,22.36,12.84,0.62,12.55
 2022/10/28,10.24,14581500,83111,84035,41.34,48.11,-2.06,-1.43,10.86,15.87,3.89,1.5,12.75
 2022/10/31,10.02,12690453,93935,90862,43.09,50.96,-2.16,-1.59,9.34,14.63,5.63,1.3,11.66
 2022/11/01,10.3,11711036,102890,93913,50.96,59.3,-1.99,-1.73,25.33,23,19.05,1.2,12.61
 2022/11/02,10.43,9241330,108489,93281,53.94,63.12,-1.88,-1.79,32.01,26.64,34,0.95,18.23
 2022/11/03,10.44,7833957,112117,89001,54.88,64.68,-1.71,-1.83,32.57,26.93,43.31,0.8,24.47
 2022/11/04,10.6,11041513,105037,94074,59.5,65.89,-1.2,-1.83,41.74,31.65,61.57,1.13,28.85
 2022/11/07,10.73,9154441,97965,95950,59.94,66.95,-0.67,-1.6,48.56,35.35,80.34,0.94,33.26
 2022/11/08,10.58,16247415,107037,104963,62.73,68.17,-0.73,-1.36,41.79,33.1,78.9,1.67,36.31
 2022/11/09,10.58,9212630,106980,107734,65.79,71.45,-0.46,-1.11,41.79,33.1,77.34,0.94,36.95
 2022/11/10,10.57,9377663,110067,111092,69.6,74.9,-0.34,-0.85,41.23,32.93,82.95,0.96,35.64
 2022/11/11,11.09,23461748,134908,119972,78.6,86.22,0.14,-0.54,67.79,47.84,101.02,2.41,43.01
 2022/11/14,11.01,27114242,170827,134396,80.23,79.03,-0.05,-0.35,62.57,46.12,79.64,2.78,49.4
 2022/11/15,11.29,21362164,181057,144047,76.94,81.17,1.05,-0.07,71.71,52.62,84.24,2.19,58.94
 2022/11/16,11.08,12034742,186701,146841,76.97,83.2,1.06,0.23,58.79,47.89,69.93,1.23,58.37
 2022/11/17,11.08,8266774,184479,147273,82.05,86.64,0.78,0.44,58.79,47.89,61.69,0.85,58.76
 2022/11/18,10.93,7149545,151855,143381,83.03,80.49,0.5,0.58,49.59,44.49,47.41,0.73,54.2
 2022/11/21,10.91,10555760,118738,144783,75.29,76.23,0.47,0.63,48.38,44.04,38.57,1.08,52.04
 2022/11/22,10.88,9312376,94638,137848,80.12,79.8,0.28,0.69,46.34,43.31,32.92,0.95,49.47
 2022/11/23,10.9,9578184,89725,138213,84.01,86.5,0.17,0.54,48.09,43.98,20.02,0.98,49.16
 2022/11/24,11.02,9428305,92048,138264,97.36,93.99,0.44,0.44,57.95,48.01,25.29,0.97,51.2
 2022/11/25,11.19,12874412,103498,127677,109.69,106.71,0.61,0.41,68.22,53.2,52.25,1.32,56.28
 2022/11/28,10.94,9277654,100942,109840,98.9,102.35,0.37,0.39,47.68,45.85,47.95,0.95,56.78
 2022/11/29,11.64,29997624,142312,118475,121.96,119.1,0.55,0.4,73.99,61.92,85.5,3.08,62.71
 2022/11/30,11.58,32293988,187744,138735,133.83,131.51,0.57,0.45,70.35,60.25,78.33,3.31,65.1
 2022/12/01,11.7,22668192,214224,153136,136.63,133.33,0.41,0.49,73.48,62.46,80.15,2.32,72.69
 2022/12/02,11.36,13904624,216284,159891,125.91,123.74,0.28,0.46,54.07,53.3,59.24,1.43,67.79
 2022/12/05,11.85,20937428,239604,170273,173.03,171.34,0.77,0.49,68.47,62.05,76.86,2.15,67.75
 2022/12/06,11.67,11854234,203317,172815,181.71,177.88,0.74,0.55,60.16,57.71,74.82,1.22,64.48
 2022/12/07,11.47,10730203,160189,173967,158.54,159.59,0.56,0.56,51.77,53.21,61.63,1.1,63.85
 2022/12/08,11.6,8987149,132827,173526,155.38,154,0.72,0.58,56.5,55.66,62.43,0.92,60.44
 2022/12/09,12.41,33351116,171720,194002,183.89,182.65,1.51,0.76,74.9,67.32,87.42,3.42,64.38
 2022/12/12,12.07,22461316,174768,207186,162.22,167.03,1.05,0.89,61.75,60.08,75.06,2.3,67.03
 2022/12/13,12.33,12764897,176589,189953,165.16,168.73,1.14,0.95,67.06,63.37,86.21,1.31,69.95
 2022/12/14,12.02,13380073,181889,171039,157.56,168.19,1.08,1.01,55.95,57.24,69.88,1.37,64.75
 2022/12/15,11.61,18910100,201735,167281,135.76,139.63,-0.03,0.91,44.3,50.24,32.15,1.94,59.8
 2022/12/16,12.31,53345888,241725,206722,160.3,172.99,0.73,0.91,60.95,59.48,49.61,5.47,57.64
 2022/12/19,11.93,33450092,263702,219235,138.81,163.96,0.23,0.7,51.02,53.58,38.21,3.43,55.72
 2022/12/20,11.67,16096225,270365,223477,122.83,165.02,0.31,0.58,44.99,49.9,17.56,1.65,55.45
 2022/12/21,11.67,12023987,267653,224771,119.34,155.88,-0.18,0.36,44.99,49.9,8.62,1.23,50.95
 2022/12/22,11.75,21398890,272630,237183,132.76,159.25,0.08,0.19,47.73,51.13,10.42,2.19,49.83
 2022/12/23,11.18,17629360,201197,221461,119.34,144.2,-0.29,0.15,33.49,42.93,-6,1.81,46.55
 2022/12/26,10.91,18033164,170363,217033,115.18,139.37,-0.69,-0.09,28.64,39.64,-9.49,1.85,41.77
 2022/12/27,11.12,14126740,166424,218395,126.23,147.26,-1.29,-0.34,37.14,43.32,-1.09,1.45,38.24
 2022/12/28,10.89,9347771,161072,214362,118.23,138.66,-1.18,-0.59,32.11,40.38,-4.6,0.96,37.22
 2022/12/29,10.66,9952083,138178,205404,112.4,130.8,-1.67,-0.84,27.62,37.59,-7.62,1.02,36.41
 2022/12/30,10.68,6068884,115057,158127,108.35,125.84,-1.34,-1.08,28.66,38,-4.61,0.62,33.96
 2023/01/03,10.85,8003034,94997,132680,108.76,123.55,-0.76,-1.15,37.79,41.52,6.64,0.82,34.72
 2023/01/04,11.04,15132168,97008,131716,123.16,135.19,-1.27,-1.25,46.9,45.32,22.61,1.55,38.72
 2023/01/05,11.12,7461165,93235,127153,110.76,129.13,-0.81,-1.17,50.55,46.9,48.09,0.77,43.33
 2023/01/06,11.5,19580608,112492,125335,114.06,130.63,-0.17,-1,64.49,53.82,89.4,2.01,49.58
 2023/01/09,11.57,13238134,126830,120944,106.11,125.84,-0.1,-0.74,66.58,55,113.27,1.36,54.45
 2023/01/10,11.52,6699462,124223,109610,112.66,134.22,-0.23,-0.56,63.39,53.92,110.52,0.69,57.94
 2023/01/11,11.63,8496618,110952,103980,105.19,128.43,0.45,-0.36,67.5,55.98,109.57,0.87,58.98
 2023/01/12,11.43,6345157,108720,100977,104.63,131.2,0.52,-0.06,54.22,51.42,93.52,0.65,56.98
 2023/01/13,11.67,8519398,86598,99545,117.57,145.99,0.55,0.17,64.33,56.1,96.07,0.87,57.94
 2023/01/16,11.73,7292836,74707,100769,116.07,148.57,0.84,0.34,66.54,57.23,99.32,0.75,58.43
 2023/01/17,11.68,5656127,72620,98422,100.74,126.12,1.02,0.53,62.65,55.93,92.44,0.58,60.67
 2023/01/18,11.63,3955963,63539,87245,108.68,132.58,0.95,0.72,58.54,54.57,79.14,0.41,59.76
 2023/01/19,11.82,6660809,64170,86445,107.16,131.05,0.97,0.81,68.08,58.72,92.12,0.68,60.45
 2023/01/20,12.08,9991290,67114,76856,123.33,144.88,1.04,0.89,76.84,63.66,96.36,1.02,64.33
 2023/01/30,12.17,10847536,74223,74465,146.53,158.98,1.05,0.98,79.21,65.24,89.08,1.11,69.72
 2023/01/31,12.27,11442934,85797,79209,124.01,134.58,0.77,0.97,81.7,66.97,88.7,1.17,73.78
 2023/02/01,12.36,7462052,92809,78174,134.56,135.4,0.79,0.93,83.8,68.51,94.55,0.77,76.1
 2023/02/02,12.5,13528744,106545,85358,159.01,148.92,0.98,0.93,86.66,70.82,86.39,1.4,78.75
 2023/02/03,12.36,10531405,107625,87370,150.3,144.24,0.73,0.89,71.52,65.57,72.79,1.09,77.55
 2023/02/06,12.29,7457401,100845,87534,129.3,138.3,0.86,0.86,64.73,63.03,61.6,0.77,74.17
 2023/02/07,12.28,5768338,89496,87646,159.74,155.63,0.61,0.79,63.7,62.65,56.05,0.6,69.5
 2023/02/08,12.1,5747366,86067,89438,171.43,167.13,0.37,0.72,47.34,56.02,31.42,0.59,64.1
 2023/02/09,12.2,4063400,67136,86840,160.82,162.24,0.52,0.68,55.04,58.67,13.51,0.42,61.6
 2023/03/10,12.61,6630320,104905,107253,109.78,105.39,-1.29,-0.55,20.08,38.78,-5.96,0.68,33.65
